"STATION","NAME","DATE","PRCP","TAVG","TMAX","TMIN"
"MXM00076843","FRANCISCO SARABIA, MX","2015-01-01","0.0","24.3","31.5","19.7"
"MXM00076843","FRANCISCO SARABIA, MX","2015-01-02","0.0","23.4",,
"MXM00076843","FRANCISCO SARABIA, MX","2015-01-03","0.0","24.4",,
"MXM00076843","FRANCISCO SARABIA, MX","2015-01-04","0.0","23.8",,
"MXM00076843","FRANCISCO SARABIA, MX","2015-01-05","0.0","22.7",,
"MXM00076843","FRANCISCO SARABIA, MX","2015-01-06","0.0","21.3",,
"MXM00076843","FRANCISCO SARABIA, MX","2015-01-07","0.0","22.1",,
"MXM00076843","FRANCISCO SARABIA, MX","2015-01-08","0.0","23.6","28.9","18.7"
"MXM00076843","FRANCISCO SARABIA, MX","2015-01-09","0.0","20.6","29.3","16.4"
"MXM00076843","FRANCISCO SARABIA, MX","2015-01-10","0.0","19.9",,
"MXM00076843","FRANCISCO SARABIA, MX","2015-01-11","0.0","20.9",,
"MXM00076843","FRANCISCO SARABIA, MX","2015-01-12","0.0","20.9",,
"MXM00076843","FRANCISCO SARABIA, MX","2015-01-13","0.0","21.5",,
"MXM00076843","FRANCISCO SARABIA, MX","2015-01-14","0.0","22.7","28.4","18.7"
"MXM00076843","FRANCISCO SARABIA, MX","2015-01-15","0.0","21.9",,
"MXM00076843","FRANCISCO SARABIA, MX","2015-01-16","0.0","21.0","28.0","18.6"
"MXM00076843","FRANCISCO SARABIA, MX","2015-01-17","0.0","20.7",,
"MXM00076843","FRANCISCO SARABIA, MX","2015-01-18","0.0","21.0",,
"MXM00076843","FRANCISCO SARABIA, MX","2015-01-19","0.0","21.2",,
"MXM00076843","FRANCISCO SARABIA, MX","2015-01-20","0.0","21.9",,
"MXM00076843","FRANCISCO SARABIA, MX","2015-01-21","0.0","23.1",,
"MXM00076843","FRANCISCO SARABIA, MX","2015-01-22","0.0","24.2",,
"MXM00076843","FRANCISCO SARABIA, MX","2015-01-23","0.0","24.7",,
"MXM00076843","FRANCISCO SARABIA, MX","2015-01-24","0.0","20.5",,
"MXM00076843","FRANCISCO SARABIA, MX","2015-01-25","0.0","20.0",,
"MXM00076843","FRANCISCO SARABIA, MX","2015-01-26","0.0","20.1","27.6","15.8"
"MXM00076843","FRANCISCO SARABIA, MX","2015-01-27","0.0","20.2",,
"MXM00076843","FRANCISCO SARABIA, MX","2015-01-28","0.0","19.7",,
"MXM00076843","FRANCISCO SARABIA, MX","2015-01-29","0.0","18.4",,
"MXM00076843","FRANCISCO SARABIA, MX","2015-01-30","0.0","20.0",,
"MXM00076843","FRANCISCO SARABIA, MX","2015-01-31","0.0","20.9",,
"MXM00076843","FRANCISCO SARABIA, MX","2015-02-01","0.0","22.7",,
"MXM00076843","FRANCISCO SARABIA, MX","2015-02-02","0.0","23.1",,
"MXM00076843","FRANCISCO SARABIA, MX","2015-02-03","0.0","22.2",,
"MXM00076843","FRANCISCO SARABIA, MX","2015-02-04","0.0","21.2",,
"MXM00076843","FRANCISCO SARABIA, MX","2015-02-05","0.0","21.2","28.4","17.0"
"MXM00076843","FRANCISCO SARABIA, MX","2015-02-06","0.0","20.9","25.1","16.6"
"MXM00076843","FRANCISCO SARABIA, MX","2015-02-07","0.0","20.2",,
"MXM00076843","FRANCISCO SARABIA, MX","2015-02-08","0.0","20.9",,
"MXM00076843","FRANCISCO SARABIA, MX","2015-02-09","0.0","23.0",,
"MXM00076843","FRANCISCO SARABIA, MX","2015-02-10","0.0","22.4","33.6","14.9"
"MXM00076843","FRANCISCO SARABIA, MX","2015-02-11","0.0","20.9",,
"MXM00076843","FRANCISCO SARABIA, MX","2015-02-12","0.0","22.3","31.4","14.1"
"MXM00076843","FRANCISCO SARABIA, MX","2015-02-13","0.0","22.2","29.1","17.3"
"MXM00076843","FRANCISCO SARABIA, MX","2015-02-14","0.0","21.1",,
"MXM00076843","FRANCISCO SARABIA, MX","2015-02-15","0.0","21.7",,
"MXM00076843","FRANCISCO SARABIA, MX","2015-02-16","0.0","23.3",,
"MXM00076843","FRANCISCO SARABIA, MX","2015-02-17","0.0","24.2",,
"MXM00076843","FRANCISCO SARABIA, MX","2015-02-18","0.0","23.1",,
"MXM00076843","FRANCISCO SARABIA, MX","2015-02-19","0.0","21.1",,
"MXM00076843","FRANCISCO SARABIA, MX","2015-02-20","0.0","21.7",,
"MXM00076843","FRANCISCO SARABIA, MX","2015-02-21","0.0","24.1",,
"MXM00076843","FRANCISCO SARABIA, MX","2015-02-22","0.0","25.9",,
"MXM00076843","FRANCISCO SARABIA, MX","2015-02-23","0.0","25.2",,
"MXM00076843","FRANCISCO SARABIA, MX","2015-02-24","0.0","24.8",,
"MXM00076843","FRANCISCO SARABIA, MX","2015-02-25","0.0","25.8",,
"MXM00076843","FRANCISCO SARABIA, MX","2015-02-26","0.0","25.9",,
"MXM00076843","FRANCISCO SARABIA, MX","2015-02-27","0.0","22.8",,
"MXM00076843","FRANCISCO SARABIA, MX","2015-02-28","0.0","23.1",,
"MXM00076843","FRANCISCO SARABIA, MX","2015-03-01","0.0","23.4",,
"MXM00076843","FRANCISCO SARABIA, MX","2015-03-02","0.0","24.8",,
"MXM00076843","FRANCISCO SARABIA, MX","2015-03-03","0.0","25.3",,
"MXM00076843","FRANCISCO SARABIA, MX","2015-03-04","0.0","26.6",,
"MXM00076843","FRANCISCO SARABIA, MX","2015-03-05","0.0","26.3",,
"MXM00076843","FRANCISCO SARABIA, MX","2015-03-06","0.0","21.7","37.0","16.8"
"MXM00076843","FRANCISCO SARABIA, MX","2015-03-07","0.0","19.6",,
"MXM00076843","FRANCISCO SARABIA, MX","2015-03-08","0.0","20.8",,
"MXM00076843","FRANCISCO SARABIA, MX","2015-03-09","0.0","22.7",,
"MXM00076843","FRANCISCO SARABIA, MX","2015-03-10","0.0","25.5",,
"MXM00076843","FRANCISCO SARABIA, MX","2015-03-11","0.0","24.0",,
"MXM00076843","FRANCISCO SARABIA, MX","2015-03-12","0.0","21.9","29.0","19.8"
"MXM00076843","FRANCISCO SARABIA, MX","2015-03-13","0.0","22.7","30.0","17.5"
"MXM00076843","FRANCISCO SARABIA, MX","2015-03-14","0.0","23.6",,
"MXM00076843","FRANCISCO SARABIA, MX","2015-03-15","0.0","23.1","31.3","18.8"
"MXM00076843","FRANCISCO SARABIA, MX","2015-03-16","0.0","22.9","28.0","19.2"
"MXM00076843","FRANCISCO SARABIA, MX","2015-03-17","0.0","23.3",,
"MXM00076843","FRANCISCO SARABIA, MX","2015-03-18","0.0","24.6",,
"MXM00076843","FRANCISCO SARABIA, MX","2015-03-19","0.0","25.4","35.0","17.8"
"MXM00076843","FRANCISCO SARABIA, MX","2015-03-20","0.0","27.0","37.0","19.6"
"MXM00076843","FRANCISCO SARABIA, MX","2015-03-21","0.0","28.1",,
"MXM00076843","FRANCISCO SARABIA, MX","2015-03-22","0.0","27.4",,
"MXM00076843","FRANCISCO SARABIA, MX","2015-03-23","0.0","26.6",,
"MXM00076843","FRANCISCO SARABIA, MX","2015-03-24","0.0","26.8",,
"MXM00076843","FRANCISCO SARABIA, MX","2015-03-25","0.0","27.8",,
"MXM00076843","FRANCISCO SARABIA, MX","2015-03-26","0.0","29.1",,
"MXM00076843","FRANCISCO SARABIA, MX","2015-03-27","0.0","25.6",,
"MXM00076843","FRANCISCO SARABIA, MX","2015-03-28",,"22.7","31.7","17.8"
"MXM00076843","FRANCISCO SARABIA, MX","2015-03-29","0.0","22.5",,
"MXM00076843","FRANCISCO SARABIA, MX","2015-03-30","0.0","24.5","33.0","19.0"
"MXM00076843","FRANCISCO SARABIA, MX","2015-03-31","0.0","26.3",,
"MXM00076843","FRANCISCO SARABIA, MX","2015-04-01","0.0","27.3",,
"MXM00076843","FRANCISCO SARABIA, MX","2015-04-02","0.0","28.1","37.2","20.9"
"MXM00076843","FRANCISCO SARABIA, MX","2015-04-03","0.0","28.4",,
"MXM00076843","FRANCISCO SARABIA, MX","2015-04-04","0.0","27.9",,
"MXM00076843","FRANCISCO SARABIA, MX","2015-04-05","0.0","27.4",,
"MXM00076843","FRANCISCO SARABIA, MX","2015-04-06","0.0","26.7",,
"MXM00076843","FRANCISCO SARABIA, MX","2015-04-07","0.0","27.1",,
"MXM00076843","FRANCISCO SARABIA, MX","2015-04-08","0.0","27.2",,
"MXM00076843","FRANCISCO SARABIA, MX","2015-04-09","0.0","28.3",,
"MXM00076843","FRANCISCO SARABIA, MX","2015-04-10","0.0","28.0",,
"MXM00076843","FRANCISCO SARABIA, MX","2015-04-11","0.0","28.2",,
"MXM00076843","FRANCISCO SARABIA, MX","2015-04-12","0.0","28.0",,
"MXM00076843","FRANCISCO SARABIA, MX","2015-04-13",,"26.8",,
"MXM00076843","FRANCISCO SARABIA, MX","2015-04-14","0.8","26.7",,
"MXM00076843","FRANCISCO SARABIA, MX","2015-04-15","0.0","28.3","38.5","21.8"
"MXM00076843","FRANCISCO SARABIA, MX","2015-04-16","0.0","27.9",,
"MXM00076843","FRANCISCO SARABIA, MX","2015-04-17","0.0","28.8",,
"MXM00076843","FRANCISCO SARABIA, MX","2015-04-18","0.0","29.4",,
"MXM00076843","FRANCISCO SARABIA, MX","2015-04-19","0.0","29.1",,
"MXM00076843","FRANCISCO SARABIA, MX","2015-04-20","0.0","29.1",,
"MXM00076843","FRANCISCO SARABIA, MX","2015-04-21","0.0","27.2",,
"MXM00076843","FRANCISCO SARABIA, MX","2015-04-22","0.0","29.7",,
"MXM00076843","FRANCISCO SARABIA, MX","2015-04-23","0.0","30.2",,
"MXM00076843","FRANCISCO SARABIA, MX","2015-04-24","0.0","30.9","41.2","24.9"
"MXM00076843","FRANCISCO SARABIA, MX","2015-04-25","0.0","30.8",,
"MXM00076843","FRANCISCO SARABIA, MX","2015-04-26","0.0","30.9",,
"MXM00076843","FRANCISCO SARABIA, MX","2015-04-27","0.0","29.1",,
"MXM00076843","FRANCISCO SARABIA, MX","2015-04-28","0.0","28.7",,
"MXM00076843","FRANCISCO SARABIA, MX","2015-04-29","0.0","27.2","39.0","21.8"
"MXM00076843","FRANCISCO SARABIA, MX","2015-04-30","0.0","22.5",,
"MXM00076843","FRANCISCO SARABIA, MX","2015-05-01","2.3","23.9","30.0","20.0"
"MXM00076843","FRANCISCO SARABIA, MX","2015-05-02","0.0","25.3","32.3","20.8"
"MXM00076843","FRANCISCO SARABIA, MX","2015-05-03","0.0","26.1",,
"MXM00076843","FRANCISCO SARABIA, MX","2015-05-04","0.0","27.2",,
"MXM00076843","FRANCISCO SARABIA, MX","2015-05-05","0.0","28.2",,
"MXM00076843","FRANCISCO SARABIA, MX","2015-05-06","0.0","29.4","39.6","22.1"
"MXM00076843","FRANCISCO SARABIA, MX","2015-05-07","0.0","29.7",,
"MXM00076843","FRANCISCO SARABIA, MX","2015-05-08","0.0","28.7",,
"MXM00076843","FRANCISCO SARABIA, MX","2015-05-09","0.0","29.5","39.0","22.5"
"MXM00076843","FRANCISCO SARABIA, MX","2015-05-10","0.0","29.2",,
"MXM00076843","FRANCISCO SARABIA, MX","2015-05-11","0.0","29.2",,
"MXM00076843","FRANCISCO SARABIA, MX","2015-05-12","0.0","28.9",,
"MXM00076843","FRANCISCO SARABIA, MX","2015-05-13","0.0","27.3",,
"MXM00076843","FRANCISCO SARABIA, MX","2015-05-14","0.0","26.6",,
"MXM00076843","FRANCISCO SARABIA, MX","2015-05-15","20.3","28.3",,
"MXM00076843","FRANCISCO SARABIA, MX","2015-05-16","0.0","28.0","36.3","22.0"
"MXM00076843","FRANCISCO SARABIA, MX","2015-05-17","19.6","26.1",,
"MXM00076843","FRANCISCO SARABIA, MX","2015-05-18","12.7","26.6",,
"MXM00076843","FRANCISCO SARABIA, MX","2015-05-19","0.0","28.2",,
"MXM00076843","FRANCISCO SARABIA, MX","2015-05-20","0.0","27.2",,
"MXM00076843","FRANCISCO SARABIA, MX","2015-05-21","2.0","26.5",,
"MXM00076843","FRANCISCO SARABIA, MX","2015-05-22","2.3","27.3",,
"MXM00076843","FRANCISCO SARABIA, MX","2015-05-23","0.0","27.0",,
"MXM00076843","FRANCISCO SARABIA, MX","2015-05-24","21.1","25.3",,
"MXM00076843","FRANCISCO SARABIA, MX","2015-05-25","46.0","25.6",,
"MXM00076843","FRANCISCO SARABIA, MX","2015-05-26","1.5","26.4",,
"MXM00076843","FRANCISCO SARABIA, MX","2015-05-27","16.0","26.3","37.0","20.5"
"MXM00076843","FRANCISCO SARABIA, MX","2015-05-28","0.0","26.7",,
"MXM00076843","FRANCISCO SARABIA, MX","2015-05-29","0.0","26.6",,
"MXM00076843","FRANCISCO SARABIA, MX","2015-05-30","0.8","25.9",,
"MXM00076843","FRANCISCO SARABIA, MX","2015-05-31","0.8","26.4",,
"MXM00076843","FRANCISCO SARABIA, MX","2015-06-01","0.0","24.6",,
"MXM00076843","FRANCISCO SARABIA, MX","2015-06-02","0.0","24.9","29.5","21.0"
"MXM00076843","FRANCISCO SARABIA, MX","2015-06-03","0.0","26.3","31.8","22.0"
"MXM00076843","FRANCISCO SARABIA, MX","2015-06-04","0.0","26.8",,
"MXM00076843","FRANCISCO SARABIA, MX","2015-06-05","0.0","25.6",,
"MXM00076843","FRANCISCO SARABIA, MX","2015-06-06","2.0","25.6",,
"MXM00076843","FRANCISCO SARABIA, MX","2015-06-07","0.0","26.2",,
"MXM00076843","FRANCISCO SARABIA, MX","2015-06-08","0.0","25.6",,
"MXM00076843","FRANCISCO SARABIA, MX","2015-06-09","20.3","25.4",,
"MXM00076843","FRANCISCO SARABIA, MX","2015-06-10","42.9","25.6",,
"MXM00076843","FRANCISCO SARABIA, MX","2015-06-11","0.8","24.2","32.5","21.7"
"MXM00076843","FRANCISCO SARABIA, MX","2015-06-12","4.3","23.6",,
"MXM00076843","FRANCISCO SARABIA, MX","2015-06-13","0.5","22.9",,
"MXM00076843","FRANCISCO SARABIA, MX","2015-06-14","11.4","23.3",,
"MXM00076843","FRANCISCO SARABIA, MX","2015-06-15","0.8","24.6",,
"MXM00076843","FRANCISCO SARABIA, MX","2015-06-16","0.5","25.1",,
"MXM00076843","FRANCISCO SARABIA, MX","2015-06-17","29.2","24.4",,
"MXM00076843","FRANCISCO SARABIA, MX","2015-06-18","0.0","25.7",,
"MXM00076843","FRANCISCO SARABIA, MX","2015-06-19","1.0","25.2",,
"MXM00076843","FRANCISCO SARABIA, MX","2015-06-20","0.0","25.7",,
"MXM00076843","FRANCISCO SARABIA, MX","2015-06-21","0.0","26.9","34.7","22.0"
"MXM00076843","FRANCISCO SARABIA, MX","2015-06-22","18.8","25.3",,
"MXM00076843","FRANCISCO SARABIA, MX","2015-06-23","3.8","25.5",,
"MXM00076843","FRANCISCO SARABIA, MX","2015-06-24","0.0","24.3",,
"MXM00076843","FRANCISCO SARABIA, MX","2015-06-25","0.0","23.9",,
"MXM00076843","FRANCISCO SARABIA, MX","2015-06-26","0.0","26.1",,
"MXM00076843","FRANCISCO SARABIA, MX","2015-06-27","0.0","27.2",,
"MXM00076843","FRANCISCO SARABIA, MX","2015-06-28","0.0","27.9",,
"MXM00076843","FRANCISCO SARABIA, MX","2015-06-29","0.0","27.7",,
"MXM00076843","FRANCISCO SARABIA, MX","2015-06-30","7.6","24.2",,
"MXM00076843","FRANCISCO SARABIA, MX","2015-07-01","0.0","26.1",,
"MXM00076843","FRANCISCO SARABIA, MX","2015-07-02","0.0","26.4",,
"MXM00076843","FRANCISCO SARABIA, MX","2015-07-03","0.0","26.7",,
"MXM00076843","FRANCISCO SARABIA, MX","2015-07-04","1.5","25.3",,
"MXM00076843","FRANCISCO SARABIA, MX","2015-07-05","0.0","26.7",,
"MXM00076843","FRANCISCO SARABIA, MX","2015-07-06","0.0","25.3",,
"MXM00076843","FRANCISCO SARABIA, MX","2015-07-07",,"23.2",,
"MXM00076843","FRANCISCO SARABIA, MX","2015-07-08","0.0","24.3",,
"MXM00076843","FRANCISCO SARABIA, MX","2015-07-09","0.0","22.7",,
"MXM00076843","FRANCISCO SARABIA, MX","2015-07-10","0.0","23.8","28.3","19.7"
"MXM00076843","FRANCISCO SARABIA, MX","2015-07-11","0.0","24.3",,
"MXM00076843","FRANCISCO SARABIA, MX","2015-07-12","0.0","25.4",,
"MXM00076843","FRANCISCO SARABIA, MX","2015-07-13","0.0","26.3","33.3","19.0"
"MXM00076843","FRANCISCO SARABIA, MX","2015-07-14","0.0","25.8",,
"MXM00076843","FRANCISCO SARABIA, MX","2015-07-15","0.0","26.2",,
"MXM00076843","FRANCISCO SARABIA, MX","2015-07-16","15.5","23.8",,
"MXM00076843","FRANCISCO SARABIA, MX","2015-07-17","6.1","25.2",,
"MXM00076843","FRANCISCO SARABIA, MX","2015-07-18","0.0","25.6",,
"MXM00076843","FRANCISCO SARABIA, MX","2015-07-19","0.0","26.6","34.6","20.8"
"MXM00076843","FRANCISCO SARABIA, MX","2015-07-20","6.9","25.6",,
"MXM00076843","FRANCISCO SARABIA, MX","2015-07-21","7.4","23.7",,
"MXM00076843","FRANCISCO SARABIA, MX","2015-07-22","2.3","25.3",,
"MXM00076843","FRANCISCO SARABIA, MX","2015-07-23","0.0","25.9",,
"MXM00076843","FRANCISCO SARABIA, MX","2015-07-24","0.0","26.3",,
"MXM00076843","FRANCISCO SARABIA, MX","2015-07-25","2.3","25.5",,
"MXM00076843","FRANCISCO SARABIA, MX","2015-07-26","0.0","26.2",,
"MXM00076843","FRANCISCO SARABIA, MX","2015-07-27","0.0","26.9",,
"MXM00076843","FRANCISCO SARABIA, MX","2015-07-28","0.0","27.3",,
"MXM00076843","FRANCISCO SARABIA, MX","2015-07-29","0.0","27.5",,
"MXM00076843","FRANCISCO SARABIA, MX","2015-07-30","0.0","27.5",,
"MXM00076843","FRANCISCO SARABIA, MX","2015-07-31","0.0","27.4",,
"MXM00076843","FRANCISCO SARABIA, MX","2015-08-01","0.0","26.7",,
"MXM00076843","FRANCISCO SARABIA, MX","2015-08-02","23.1","25.6",,
"MXM00076843","FRANCISCO SARABIA, MX","2015-08-03","0.0","26.8",,
"MXM00076843","FRANCISCO SARABIA, MX","2015-08-04","0.0","27.4",,
"MXM00076843","FRANCISCO SARABIA, MX","2015-08-05","0.0","28.2",,
"MXM00076843","FRANCISCO SARABIA, MX","2015-08-06","0.0","28.4",,
"MXM00076843","FRANCISCO SARABIA, MX","2015-08-07","0.0","27.7",,
"MXM00076843","FRANCISCO SARABIA, MX","2015-08-08","0.0","28.1",,
"MXM00076843","FRANCISCO SARABIA, MX","2015-08-09","0.0","28.7",,
"MXM00076843","FRANCISCO SARABIA, MX","2015-08-10","0.0","25.6",,
"MXM00076843","FRANCISCO SARABIA, MX","2015-08-11","0.0","25.2",,
"MXM00076843","FRANCISCO SARABIA, MX","2015-08-12","0.0","24.4","34.6","21.0"
"MXM00076843","FRANCISCO SARABIA, MX","2015-08-13","82.8","25.6",,
"MXM00076843","FRANCISCO SARABIA, MX","2015-08-14","0.0","26.5",,
"MXM00076843","FRANCISCO SARABIA, MX","2015-08-15","0.0","26.6",,
"MXM00076843","FRANCISCO SARABIA, MX","2015-08-16","28.7","24.6","33.1","20.0"
"MXM00076843","FRANCISCO SARABIA, MX","2015-08-17","14.2","25.7",,
"MXM00076843","FRANCISCO SARABIA, MX","2015-08-18","2.5","26.2","34.4","21.7"
"MXM00076843","FRANCISCO SARABIA, MX","2015-08-19","11.9","27.1",,
"MXM00076843","FRANCISCO SARABIA, MX","2015-08-20","21.6","25.6",,
"MXM00076843","FRANCISCO SARABIA, MX","2015-08-21","20.1","24.4",,
"MXM00076843","FRANCISCO SARABIA, MX","2015-08-22","0.5","24.5",,
"MXM00076843","FRANCISCO SARABIA, MX","2015-08-23","0.0","26.4",,
"MXM00076843","FRANCISCO SARABIA, MX","2015-08-24","0.0","27.6",,
"MXM00076843","FRANCISCO SARABIA, MX","2015-08-25","1.8","26.1",,
"MXM00076843","FRANCISCO SARABIA, MX","2015-08-26","0.0","25.9",,
"MXM00076843","FRANCISCO SARABIA, MX","2015-08-27","2.3","26.1",,
"MXM00076843","FRANCISCO SARABIA, MX","2015-08-28","5.1","25.0",,
"MXM00076843","FRANCISCO SARABIA, MX","2015-08-29","0.0","26.4",,
"MXM00076843","FRANCISCO SARABIA, MX","2015-08-30","0.0","26.2",,
"MXM00076843","FRANCISCO SARABIA, MX","2015-08-31","0.0","25.9",,
"MXM00076843","FRANCISCO SARABIA, MX","2015-09-01","3.0","25.6",,
"MXM00076843","FRANCISCO SARABIA, MX","2015-09-02","14.5","24.9",,
"MXM00076843","FRANCISCO SARABIA, MX","2015-09-03","1.5","25.7",,
"MXM00076843","FRANCISCO SARABIA, MX","2015-09-04","0.0","24.8",,
"MXM00076843","FRANCISCO SARABIA, MX","2015-09-05","0.0","25.3","32.4","20.6"
"MXM00076843","FRANCISCO SARABIA, MX","2015-09-06","20.1","25.2",,
"MXM00076843","FRANCISCO SARABIA, MX","2015-09-07","0.0","23.2",,
"MXM00076843","FRANCISCO SARABIA, MX","2015-09-08","7.1","23.6","29.9","17.7"
"MXM00076843","FRANCISCO SARABIA, MX","2015-09-09","0.0","24.5","31.7","17.7"
"MXM00076843","FRANCISCO SARABIA, MX","2015-09-10","0.0","24.3",,
"MXM00076843","FRANCISCO SARABIA, MX","2015-09-11","0.0","26.3",,
"MXM00076843","FRANCISCO SARABIA, MX","2015-09-12","0.0","26.4",,
"MXM00076843","FRANCISCO SARABIA, MX","2015-09-13","6.4","25.6",,
"MXM00076843","FRANCISCO SARABIA, MX","2015-09-14","0.0","24.4",,
"MXM00076843","FRANCISCO SARABIA, MX","2015-09-15","1.5","24.6",,
"MXM00076843","FRANCISCO SARABIA, MX","2015-09-16","2.0","24.9",,
"MXM00076843","FRANCISCO SARABIA, MX","2015-09-17","13.7","24.3",,
"MXM00076843","FRANCISCO SARABIA, MX","2015-09-18","1.0","25.2",,
"MXM00076843","FRANCISCO SARABIA, MX","2015-09-19","20.1","24.6",,
"MXM00076843","FRANCISCO SARABIA, MX","2015-09-20","0.0","25.7","32.0","20.9"
"MXM00076843","FRANCISCO SARABIA, MX","2015-09-21","0.0","26.4",,
"MXM00076843","FRANCISCO SARABIA, MX","2015-09-22","4.8","24.9",,
"MXM00076843","FRANCISCO SARABIA, MX","2015-09-23","4.1","25.3",,
"MXM00076843","FRANCISCO SARABIA, MX","2015-09-24","4.8","24.9","31.0","20.8"
"MXM00076843","FRANCISCO SARABIA, MX","2015-09-25","0.0","24.9",,
"MXM00076843","FRANCISCO SARABIA, MX","2015-09-26","0.0","24.9","32.0","21.8"
"MXM00076843","FRANCISCO SARABIA, MX","2015-09-27","0.0","24.7",,
"MXM00076843","FRANCISCO SARABIA, MX","2015-09-28","0.0","25.3",,
"MXM00076843","FRANCISCO SARABIA, MX","2015-09-29","0.0","25.5",,
"MXM00076843","FRANCISCO SARABIA, MX","2015-09-30","0.0","25.3",,
"MXM00076843","FRANCISCO SARABIA, MX","2015-10-01","0.0","25.6","33.1","22.0"
"MXM00076843","FRANCISCO SARABIA, MX","2015-10-02","0.5","24.5",,
"MXM00076843","FRANCISCO SARABIA, MX","2015-10-03","0.0","24.0",,
"MXM00076843","FRANCISCO SARABIA, MX","2015-10-04","0.0","25.7",,
"MXM00076843","FRANCISCO SARABIA, MX","2015-10-05","0.0","25.9",,
"MXM00076843","FRANCISCO SARABIA, MX","2015-10-06","0.0","25.5",,
"MXM00076843","FRANCISCO SARABIA, MX","2015-10-07","0.0","23.7",,
"MXM00076843","FRANCISCO SARABIA, MX","2015-10-08","0.0","25.4",,
"MXM00076843","FRANCISCO SARABIA, MX","2015-10-09","0.0","25.5",,
"MXM00076843","FRANCISCO SARABIA, MX","2015-10-10","0.0","25.9",,
"MXM00076843","FRANCISCO SARABIA, MX","2015-10-11","0.0","26.7",,
"MXM00076843","FRANCISCO SARABIA, MX","2015-10-12","0.0","27.0",,
"MXM00076843","FRANCISCO SARABIA, MX","2015-10-13","0.0","25.6",,
"MXM00076843","FRANCISCO SARABIA, MX","2015-10-14","1.8","25.6",,
"MXM00076843","FRANCISCO SARABIA, MX","2015-10-15","0.0","25.6",,
"MXM00076843","FRANCISCO SARABIA, MX","2015-10-16","0.0","24.3",,
"MXM00076843","FRANCISCO SARABIA, MX","2015-10-17","0.0","25.1","29.5","21.9"
"MXM00076843","FRANCISCO SARABIA, MX","2015-10-18","4.1","22.7",,
"MXM00076843","FRANCISCO SARABIA, MX","2015-10-19","97.3","23.2",,
"MXM00076843","FRANCISCO SARABIA, MX","2015-10-20","9.7","22.9","27.6","21.0"
"MXM00076843","FRANCISCO SARABIA, MX","2015-10-21","12.7","23.6",,
"MXM00076843","FRANCISCO SARABIA, MX","2015-10-22","0.0","26.0",,
"MXM00076843","FRANCISCO SARABIA, MX","2015-10-23","0.3","26.9",,
"MXM00076843","FRANCISCO SARABIA, MX","2015-10-24","0.0","26.7",,
"MXM00076843","FRANCISCO SARABIA, MX","2015-10-25","0.0","26.7",,
"MXM00076843","FRANCISCO SARABIA, MX","2015-10-26","7.4","24.1","34.4","20.6"
"MXM00076843","FRANCISCO SARABIA, MX","2015-10-27","0.0","24.2",,
"MXM00076843","FRANCISCO SARABIA, MX","2015-10-28","0.0","25.4",,
"MXM00076843","FRANCISCO SARABIA, MX","2015-10-29","0.0","26.1","34.6","21.1"
"MXM00076843","FRANCISCO SARABIA, MX","2015-10-30","60.2","26.3",,
"MXM00076843","FRANCISCO SARABIA, MX","2015-10-31","0.0","26.7",,
"MXM00076843","FRANCISCO SARABIA, MX","2015-11-01","0.0","26.8",,
"MXM00076843","FRANCISCO SARABIA, MX","2015-11-02","4.8","25.3","33.7","20.6"
"MXM00076843","FRANCISCO SARABIA, MX","2015-11-03","0.0","24.4",,
"MXM00076843","FRANCISCO SARABIA, MX","2015-11-04","0.0","24.8",,
"MXM00076843","FRANCISCO SARABIA, MX","2015-11-05","0.0","25.1",,
"MXM00076843","FRANCISCO SARABIA, MX","2015-11-06","0.5","24.8","32.1","20.6"
"MXM00076843","FRANCISCO SARABIA, MX","2015-11-07","0.0","24.4",,
"MXM00076843","FRANCISCO SARABIA, MX","2015-11-08","0.0","25.6","32.3","21.6"
"MXM00076843","FRANCISCO SARABIA, MX","2015-11-09","0.0","25.4",,
"MXM00076843","FRANCISCO SARABIA, MX","2015-11-10","0.0","25.4",,
"MXM00076843","FRANCISCO SARABIA, MX","2015-11-11","0.0","25.7",,
"MXM00076843","FRANCISCO SARABIA, MX","2015-11-12","0.0","25.2",,
"MXM00076843","FRANCISCO SARABIA, MX","2015-11-13","0.3","25.0","31.5","20.3"
"MXM00076843","FRANCISCO SARABIA, MX","2015-11-14","0.0","24.6","29.5","20.3"
"MXM00076843","FRANCISCO SARABIA, MX","2015-11-15","0.0","24.4",,
"MXM00076843","FRANCISCO SARABIA, MX","2015-11-16","0.0","24.6",,
"MXM00076843","FRANCISCO SARABIA, MX","2015-11-17","0.0","26.0",,
"MXM00076843","FRANCISCO SARABIA, MX","2015-11-18","0.0","27.1",,
"MXM00076843","FRANCISCO SARABIA, MX","2015-11-19","0.0","26.5",,
"MXM00076843","FRANCISCO SARABIA, MX","2015-11-20","0.0","26.4",,
"MXM00076843","FRANCISCO SARABIA, MX","2015-11-21","0.0","25.1",,
"MXM00076843","FRANCISCO SARABIA, MX","2015-11-22","5.8","25.0",,
"MXM00076843","FRANCISCO SARABIA, MX","2015-11-23","0.5","23.4","29.9","20.4"
"MXM00076843","FRANCISCO SARABIA, MX","2015-11-24","0.0","22.9",,
"MXM00076843","FRANCISCO SARABIA, MX","2015-11-25","0.0","22.9",,
"MXM00076843","FRANCISCO SARABIA, MX","2015-11-26","0.0","24.6",,
"MXM00076843","FRANCISCO SARABIA, MX","2015-11-27","0.0","24.2",,
"MXM00076843","FRANCISCO SARABIA, MX","2015-11-28","0.0","24.2",,
"MXM00076843","FRANCISCO SARABIA, MX","2015-11-29","0.0","24.6",,
"MXM00076843","FRANCISCO SARABIA, MX","2015-11-30",,"22.1",,
"MXM00076843","FRANCISCO SARABIA, MX","2015-12-01","0.0","21.8",,
"MXM00076843","FRANCISCO SARABIA, MX","2015-12-02","0.0","23.7",,
"MXM00076843","FRANCISCO SARABIA, MX","2015-12-03","0.0","23.1","32.3","18.4"
"MXM00076843","FRANCISCO SARABIA, MX","2015-12-04","0.0","20.8",,
"MXM00076843","FRANCISCO SARABIA, MX","2015-12-05","0.0","21.5",,
"MXM00076843","FRANCISCO SARABIA, MX","2015-12-06","0.0","21.4",,
"MXM00076843","FRANCISCO SARABIA, MX","2015-12-07","0.0","22.3","25.2","18.8"
"MXM00076843","FRANCISCO SARABIA, MX","2015-12-08",,"22.1",,
"MXM00076843","FRANCISCO SARABIA, MX","2015-12-09","0.0","21.0",,
"MXM00076843","FRANCISCO SARABIA, MX","2015-12-10","0.0","23.8","29.9","18.4"
"MXM00076843","FRANCISCO SARABIA, MX","2015-12-11","0.0","24.9",,
"MXM00076843","FRANCISCO SARABIA, MX","2015-12-12",,"25.1",,
"MXM00076843","FRANCISCO SARABIA, MX","2015-12-13",,"26.2",,
"MXM00076843","FRANCISCO SARABIA, MX","2015-12-14","0.0","25.4",,
"MXM00076843","FRANCISCO SARABIA, MX","2015-12-15",,"25.8",,
"MXM00076843","FRANCISCO SARABIA, MX","2015-12-16","0.0","25.9",,
"MXM00076843","FRANCISCO SARABIA, MX","2015-12-17",,"25.1",,
"MXM00076843","FRANCISCO SARABIA, MX","2015-12-18","0.0","24.1","33.1","20.4"
"MXM00076843","FRANCISCO SARABIA, MX","2015-12-19",,"22.1",,
"MXM00076843","FRANCISCO SARABIA, MX","2015-12-20",,"22.2",,
"MXM00076843","FRANCISCO SARABIA, MX","2015-12-21",,"22.5",,
"MXM00076843","FRANCISCO SARABIA, MX","2015-12-22",,"24.1",,
"MXM00076843","FRANCISCO SARABIA, MX","2015-12-23",,"24.6",,
"MXM00076843","FRANCISCO SARABIA, MX","2015-12-24","0.0","23.9",,
"MXM00076843","FRANCISCO SARABIA, MX","2015-12-25","0.0","25.8",,
"MXM00076843","FRANCISCO SARABIA, MX","2015-12-26",,"25.3","35.0","17.0"
"MXM00076843","FRANCISCO SARABIA, MX","2015-12-27",,"25.8",,
"MXM00076843","FRANCISCO SARABIA, MX","2015-12-28",,"24.3",,
"MXM00076843","FRANCISCO SARABIA, MX","2015-12-29","0.0","23.7",,
"MXM00076843","FRANCISCO SARABIA, MX","2015-12-30",,"24.4",,
"MXM00076843","FRANCISCO SARABIA, MX","2015-12-31",,"24.9",,
"MXM00076843","FRANCISCO SARABIA, MX","2016-01-01",,"25.7",,
"MXM00076843","FRANCISCO SARABIA, MX","2016-01-02","0.0","23.1",,
"MXM00076843","FRANCISCO SARABIA, MX","2016-01-03",,"20.7","25.3","18.6"
"MXM00076843","FRANCISCO SARABIA, MX","2016-01-04",,"20.2",,
"MXM00076843","FRANCISCO SARABIA, MX","2016-01-05",,"20.7",,
"MXM00076843","FRANCISCO SARABIA, MX","2016-01-06",,"21.9",,
"MXM00076843","FRANCISCO SARABIA, MX","2016-01-07","0.0","24.3",,
"MXM00076843","FRANCISCO SARABIA, MX","2016-01-08","0.0","24.7",,
"MXM00076843","FRANCISCO SARABIA, MX","2016-01-09",,"24.5",,
"MXM00076843","FRANCISCO SARABIA, MX","2016-01-10","0.0","22.6",,
"MXM00076843","FRANCISCO SARABIA, MX","2016-01-11","0.0","21.8",,
"MXM00076843","FRANCISCO SARABIA, MX","2016-01-12","0.0","21.6",,
"MXM00076843","FRANCISCO SARABIA, MX","2016-01-13","0.0","22.7","27.4","17.8"
"MXM00076843","FRANCISCO SARABIA, MX","2016-01-14","0.0","23.7",,
"MXM00076843","FRANCISCO SARABIA, MX","2016-01-15","0.0","25.5",,
"MXM00076843","FRANCISCO SARABIA, MX","2016-01-16","0.0","26.0",,
"MXM00076843","FRANCISCO SARABIA, MX","2016-01-17","0.0","23.9","35.4","19.1"
"MXM00076843","FRANCISCO SARABIA, MX","2016-01-18","0.0","19.4",,
"MXM00076843","FRANCISCO SARABIA, MX","2016-01-19","0.0","19.7",,
"MXM00076843","FRANCISCO SARABIA, MX","2016-01-20","0.0","19.7",,
"MXM00076843","FRANCISCO SARABIA, MX","2016-01-21","0.0","21.5",,
"MXM00076843","FRANCISCO SARABIA, MX","2016-01-22","0.0","22.0",,
"MXM00076843","FRANCISCO SARABIA, MX","2016-01-23","0.0","18.7","27.0","15.0"
"MXM00076843","FRANCISCO SARABIA, MX","2016-01-24","0.0","17.5",,
"MXM00076843","FRANCISCO SARABIA, MX","2016-01-25","0.0","19.0",,
"MXM00076843","FRANCISCO SARABIA, MX","2016-01-26","0.0","24.3",,
"MXM00076843","FRANCISCO SARABIA, MX","2016-01-27","0.0","23.5",,
"MXM00076843","FRANCISCO SARABIA, MX","2016-01-28","0.0","19.7","28.5","17.0"
"MXM00076843","FRANCISCO SARABIA, MX","2016-01-29","0.0","18.2",,
"MXM00076843","FRANCISCO SARABIA, MX","2016-01-30","0.0","19.2",,
"MXM00076843","FRANCISCO SARABIA, MX","2016-01-31","0.0","23.6",,
"MXM00076843","FRANCISCO SARABIA, MX","2016-02-01","0.0","26.6",,
"MXM00076843","FRANCISCO SARABIA, MX","2016-02-02","0.0","26.4",,
"MXM00076843","FRANCISCO SARABIA, MX","2016-02-03","0.0","24.7",,
"MXM00076843","FRANCISCO SARABIA, MX","2016-02-04","0.0","21.7",,
"MXM00076843","FRANCISCO SARABIA, MX","2016-02-05","0.0","19.7","25.1","16.5"
"MXM00076843","FRANCISCO SARABIA, MX","2016-02-06","0.0","19.4",,
"MXM00076843","FRANCISCO SARABIA, MX","2016-02-07","0.0","19.8",,
"MXM00076843","FRANCISCO SARABIA, MX","2016-02-08","0.0","17.8",,
"MXM00076843","FRANCISCO SARABIA, MX","2016-02-09","0.0","18.8","25.1","11.9"
"MXM00076843","FRANCISCO SARABIA, MX","2016-02-10","0.0","18.3",,
"MXM00076843","FRANCISCO SARABIA, MX","2016-02-11","0.0","18.2",,
"MXM00076843","FRANCISCO SARABIA, MX","2016-02-12","0.0","19.4",,
"MXM00076843","FRANCISCO SARABIA, MX","2016-02-13","0.0","19.9",,
"MXM00076843","FRANCISCO SARABIA, MX","2016-02-14","0.0","21.1",,
"MXM00076843","FRANCISCO SARABIA, MX","2016-02-15","0.0","20.4",,
"MXM00076843","FRANCISCO SARABIA, MX","2016-02-16","0.0","24.6","36.0","14.5"
"MXM00076843","FRANCISCO SARABIA, MX","2016-02-17","0.0","23.0",,
"MXM00076843","FRANCISCO SARABIA, MX","2016-02-18","0.0","23.6","30.5","18.8"
"MXM00076843","FRANCISCO SARABIA, MX","2016-02-19","0.0","23.9",,
"MXM00076843","FRANCISCO SARABIA, MX","2016-02-20","0.0","25.1",,
"MXM00076843","FRANCISCO SARABIA, MX","2016-02-21","0.0","24.4",,
"MXM00076843","FRANCISCO SARABIA, MX","2016-02-22","0.0","25.7",,
"MXM00076843","FRANCISCO SARABIA, MX","2016-02-23","0.0","26.1",,
"MXM00076843","FRANCISCO SARABIA, MX","2016-02-24","0.0","24.4",,
"MXM00076843","FRANCISCO SARABIA, MX","2016-02-25","0.0","19.7",,
"MXM00076843","FRANCISCO SARABIA, MX","2016-02-26","0.0","18.7",,
"MXM00076843","FRANCISCO SARABIA, MX","2016-02-27","0.0","21.0","26.5","15.5"
"MXM00076843","FRANCISCO SARABIA, MX","2016-02-28","0.0","21.6",,
"MXM00076843","FRANCISCO SARABIA, MX","2016-02-29","0.0","22.6",,
"MXM00076843","FRANCISCO SARABIA, MX","2016-03-01","0.0","23.7",,
"MXM00076843","FRANCISCO SARABIA, MX","2016-03-02","0.0","24.3","34.3","17.3"
"MXM00076843","FRANCISCO SARABIA, MX","2016-03-03","0.0","21.7",,
"MXM00076843","FRANCISCO SARABIA, MX","2016-03-04","1.3","21.2",,
"MXM00076843","FRANCISCO SARABIA, MX","2016-03-05","1.5","23.5",,
"MXM00076843","FRANCISCO SARABIA, MX","2016-03-06","0.0","24.8",,
"MXM00076843","FRANCISCO SARABIA, MX","2016-03-07","0.0","25.6",,
"MXM00076843","FRANCISCO SARABIA, MX","2016-03-08","0.0","26.2",,
"MXM00076843","FRANCISCO SARABIA, MX","2016-03-09","0.0","27.8",,
"MXM00076843","FRANCISCO SARABIA, MX","2016-03-10","0.0","27.6",,
"MXM00076843","FRANCISCO SARABIA, MX","2016-03-11","0.0","27.4",,
"MXM00076843","FRANCISCO SARABIA, MX","2016-03-12","0.0","27.9",,
"MXM00076843","FRANCISCO SARABIA, MX","2016-03-13","0.0","27.2",,
"MXM00076843","FRANCISCO SARABIA, MX","2016-03-14","0.0","28.6",,
"MXM00076843","FRANCISCO SARABIA, MX","2016-03-15","0.0","29.3","39.0","20.0"
"MXM00076843","FRANCISCO SARABIA, MX","2016-03-16","0.0","29.9",,
"MXM00076843","FRANCISCO SARABIA, MX","2016-03-17","0.0","29.6",,
"MXM00076843","FRANCISCO SARABIA, MX","2016-03-18","0.0","28.6",,
"MXM00076843","FRANCISCO SARABIA, MX","2016-03-19","0.0","27.5",,
"MXM00076843","FRANCISCO SARABIA, MX","2016-03-20","0.0","26.4","38.4","18.5"
"MXM00076843","FRANCISCO SARABIA, MX","2016-03-21","0.0","22.5","28.4","18.6"
"MXM00076843","FRANCISCO SARABIA, MX","2016-03-22","0.0","21.9",,
"MXM00076843","FRANCISCO SARABIA, MX","2016-03-23",,"27.3",,
"MXM00076843","FRANCISCO SARABIA, MX","2016-03-24","0.0","29.0",,
"MXM00076843","FRANCISCO SARABIA, MX","2016-03-25","0.0","28.4",,
"MXM00076843","FRANCISCO SARABIA, MX","2016-03-26","0.0","27.8",,
"MXM00076843","FRANCISCO SARABIA, MX","2016-03-27","0.0","29.8",,
"MXM00076843","FRANCISCO SARABIA, MX","2016-03-28","0.0","30.1","40.4","22.1"
"MXM00076843","FRANCISCO SARABIA, MX","2016-03-29","0.0","29.5",,
"MXM00076843","FRANCISCO SARABIA, MX","2016-03-30","0.0","30.1",,
"MXM00076843","FRANCISCO SARABIA, MX","2016-03-31","0.0","29.1",,
"MXM00076843","FRANCISCO SARABIA, MX","2016-04-01","0.0","29.0",,
"MXM00076843","FRANCISCO SARABIA, MX","2016-04-02","0.0","26.3",,
"MXM00076843","FRANCISCO SARABIA, MX","2016-04-03","0.0","24.1","30.8","19.4"
"MXM00076843","FRANCISCO SARABIA, MX","2016-04-04","0.0","23.3",,
"MXM00076843","FRANCISCO SARABIA, MX","2016-04-05","0.0","24.3",,
"MXM00076843","FRANCISCO SARABIA, MX","2016-04-06","0.0","26.3",,
"MXM00076843","FRANCISCO SARABIA, MX","2016-04-07","0.0","27.6","36.6","20.8"
"MXM00076843","FRANCISCO SARABIA, MX","2016-04-08","0.0","26.1",,
"MXM00076843","FRANCISCO SARABIA, MX","2016-04-09","0.0","26.4",,
"MXM00076843","FRANCISCO SARABIA, MX","2016-04-10","0.0","27.2",,
"MXM00076843","FRANCISCO SARABIA, MX","2016-04-11","0.0","28.9",,
"MXM00076843","FRANCISCO SARABIA, MX","2016-04-12","0.0","30.3","40.2","20.8"
"MXM00076843","FRANCISCO SARABIA, MX","2016-04-13","0.0","30.7","40.0","21.8"
"MXM00076843","FRANCISCO SARABIA, MX","2016-04-14","0.0","29.5","40.8","21.8"
"MXM00076843","FRANCISCO SARABIA, MX","2016-04-15","0.0","28.5",,
"MXM00076843","FRANCISCO SARABIA, MX","2016-04-16","0.0","29.9",,
"MXM00076843","FRANCISCO SARABIA, MX","2016-04-17","0.0","29.7",,
"MXM00076843","FRANCISCO SARABIA, MX","2016-04-18","0.0","29.8",,
"MXM00076843","FRANCISCO SARABIA, MX","2016-04-19","0.0","28.8",,
"MXM00076843","FRANCISCO SARABIA, MX","2016-04-20","0.0","27.6",,
"MXM00076843","FRANCISCO SARABIA, MX","2016-04-21","0.0","28.3","36.0","22.7"
"MXM00076843","FRANCISCO SARABIA, MX","2016-04-22","0.0","28.3",,
"MXM00076843","FRANCISCO SARABIA, MX","2016-04-23","0.0","27.8",,
"MXM00076843","FRANCISCO SARABIA, MX","2016-04-24","0.0","27.7",,
"MXM00076843","FRANCISCO SARABIA, MX","2016-04-25","2.5","28.8",,
"MXM00076843","FRANCISCO SARABIA, MX","2016-04-26","0.0","31.9","41.0","19.1"
"MXM00076843","FRANCISCO SARABIA, MX","2016-04-27","0.0","30.2",,
"MXM00076843","FRANCISCO SARABIA, MX","2016-04-28","0.0","30.7",,
"MXM00076843","FRANCISCO SARABIA, MX","2016-04-29","0.0","30.3",,
"MXM00076843","FRANCISCO SARABIA, MX","2016-04-30","0.0","29.9",,
"MXM00076843","FRANCISCO SARABIA, MX","2016-05-01","0.0","30.2",,
"MXM00076843","FRANCISCO SARABIA, MX","2016-05-02","0.0","31.0","41.0","21.4"
"MXM00076843","FRANCISCO SARABIA, MX","2016-05-03","0.0","30.8","41.0","23.5"
"MXM00076843","FRANCISCO SARABIA, MX","2016-05-04","0.0","28.7","37.5","24.3"
"MXM00076843","FRANCISCO SARABIA, MX","2016-05-05","0.0","26.7",,
"MXM00076843","FRANCISCO SARABIA, MX","2016-05-06","0.5","26.2",,
"MXM00076843","FRANCISCO SARABIA, MX","2016-05-07","0.0","25.8",,
"MXM00076843","FRANCISCO SARABIA, MX","2016-05-08","0.0","26.3",,
"MXM00076843","FRANCISCO SARABIA, MX","2016-05-09","0.0","29.1",,
"MXM00076843","FRANCISCO SARABIA, MX","2016-05-10","0.0","30.1",,
"MXM00076843","FRANCISCO SARABIA, MX","2016-05-11","0.0","30.6","39.5","23.0"
"MXM00076843","FRANCISCO SARABIA, MX","2016-05-12","0.0","29.6",,
"MXM00076843","FRANCISCO SARABIA, MX","2016-05-13","0.0","28.4","38.1","24.4"
"MXM00076843","FRANCISCO SARABIA, MX","2016-05-14","0.0","27.2",,
"MXM00076843","FRANCISCO SARABIA, MX","2016-05-15","0.0","29.1",,
"MXM00076843","FRANCISCO SARABIA, MX","2016-05-16","0.0","29.2",,
"MXM00076843","FRANCISCO SARABIA, MX","2016-05-17","0.0","31.2",,
"MXM00076843","FRANCISCO SARABIA, MX","2016-05-18","0.0","29.2",,
"MXM00076843","FRANCISCO SARABIA, MX","2016-05-19","0.0","27.6",,
"MXM00076843","FRANCISCO SARABIA, MX","2016-05-20","7.4","28.7",,
"MXM00076843","FRANCISCO SARABIA, MX","2016-05-21","0.0","29.3","38.8","22.6"
"MXM00076843","FRANCISCO SARABIA, MX","2016-05-22","1.3","30.6",,
"MXM00076843","FRANCISCO SARABIA, MX","2016-05-23","0.0","30.5",,
"MXM00076843","FRANCISCO SARABIA, MX","2016-05-24","10.9","28.2",,
"MXM00076843","FRANCISCO SARABIA, MX","2016-05-25","1.8","29.7",,
"MXM00076843","FRANCISCO SARABIA, MX","2016-05-26","0.0","30.9",,
"MXM00076843","FRANCISCO SARABIA, MX","2016-05-27","0.0","30.9","39.4","24.2"
"MXM00076843","FRANCISCO SARABIA, MX","2016-05-28","0.0","28.6",,
"MXM00076843","FRANCISCO SARABIA, MX","2016-05-29","6.4","27.4",,
"MXM00076843","FRANCISCO SARABIA, MX","2016-05-30","0.8","29.2",,
"MXM00076843","FRANCISCO SARABIA, MX","2016-05-31","0.3","28.0",,
"MXM00076843","FRANCISCO SARABIA, MX","2016-06-01","0.0","29.4",,
"MXM00076843","FRANCISCO SARABIA, MX","2016-06-02","0.0","27.6",,
"MXM00076843","FRANCISCO SARABIA, MX","2016-06-03","0.0","25.2",,
"MXM00076843","FRANCISCO SARABIA, MX","2016-06-04","15.7","24.0",,
"MXM00076843","FRANCISCO SARABIA, MX","2016-06-05","45.2","23.5","34.4","20.9"
"MXM00076843","FRANCISCO SARABIA, MX","2016-06-06","57.4","24.3","30.1","20.9"
"MXM00076843","FRANCISCO SARABIA, MX","2016-06-07","0.3","23.1",,
"MXM00076843","FRANCISCO SARABIA, MX","2016-06-08","18.3","25.9",,
"MXM00076843","FRANCISCO SARABIA, MX","2016-06-09","0.0","26.8",,
"MXM00076843","FRANCISCO SARABIA, MX","2016-06-10","0.0","25.9",,
"MXM00076843","FRANCISCO SARABIA, MX","2016-06-11","0.0","26.1",,
"MXM00076843","FRANCISCO SARABIA, MX","2016-06-12","0.0","25.2",,
"MXM00076843","FRANCISCO SARABIA, MX","2016-06-13","2.3","24.6",,
"MXM00076843","FRANCISCO SARABIA, MX","2016-06-14","29.2","25.2",,
"MXM00076843","FRANCISCO SARABIA, MX","2016-06-15","0.0","27.5",,
"MXM00076843","FRANCISCO SARABIA, MX","2016-06-16","1.3","25.3",,
"MXM00076843","FRANCISCO SARABIA, MX","2016-06-17","3.3","25.7",,
"MXM00076843","FRANCISCO SARABIA, MX","2016-06-18","0.0","24.3",,
"MXM00076843","FRANCISCO SARABIA, MX","2016-06-19","0.0","25.4",,
"MXM00076843","FRANCISCO SARABIA, MX","2016-06-20","4.6","24.6",,
"MXM00076843","FRANCISCO SARABIA, MX","2016-06-21","0.0","25.8","31.2","22.0"
"MXM00076843","FRANCISCO SARABIA, MX","2016-06-22","0.0","25.1",,
"MXM00076843","FRANCISCO SARABIA, MX","2016-06-23","0.0","25.1",,
"MXM00076843","FRANCISCO SARABIA, MX","2016-06-24","0.0","26.6",,
"MXM00076843","FRANCISCO SARABIA, MX","2016-06-25","6.4","25.6",,
"MXM00076843","FRANCISCO SARABIA, MX","2016-06-26","0.0","27.3",,
"MXM00076843","FRANCISCO SARABIA, MX","2016-06-27","13.7","26.1",,
"MXM00076843","FRANCISCO SARABIA, MX","2016-06-28","1.0","24.8",,
"MXM00076843","FRANCISCO SARABIA, MX","2016-06-29","0.0","25.8",,
"MXM00076843","FRANCISCO SARABIA, MX","2016-06-30","0.3","26.6",,
"MXM00076843","FRANCISCO SARABIA, MX","2016-07-01","0.0","27.0",,
"MXM00076843","FRANCISCO SARABIA, MX","2016-07-02","0.0","27.6","33.5","22.6"
"MXM00076843","FRANCISCO SARABIA, MX","2016-07-03","0.0","26.6",,
"MXM00076843","FRANCISCO SARABIA, MX","2016-07-04","2.0","26.1",,
"MXM00076843","FRANCISCO SARABIA, MX","2016-07-05","40.1","24.1",,
"MXM00076843","FRANCISCO SARABIA, MX","2016-07-06","0.0","26.3",,
"MXM00076843","FRANCISCO SARABIA, MX","2016-07-07","0.0","25.9",,
"MXM00076843","FRANCISCO SARABIA, MX","2016-07-08","0.0","26.7",,
"MXM00076843","FRANCISCO SARABIA, MX","2016-07-09","0.0","25.3",,
"MXM00076843","FRANCISCO SARABIA, MX","2016-07-10","3.3","24.5",,
"MXM00076843","FRANCISCO SARABIA, MX","2016-07-11","0.3","25.3",,
"MXM00076843","FRANCISCO SARABIA, MX","2016-07-12","8.9","26.9",,
"MXM00076843","FRANCISCO SARABIA, MX","2016-07-13","0.0","24.7",,
"MXM00076843","FRANCISCO SARABIA, MX","2016-07-14","4.8","25.3",,
"MXM00076843","FRANCISCO SARABIA, MX","2016-07-15","0.0","26.2","33.8","21.0"
"MXM00076843","FRANCISCO SARABIA, MX","2016-07-16","0.0","25.3",,
"MXM00076843","FRANCISCO SARABIA, MX","2016-07-17","4.8","24.6",,
"MXM00076843","FRANCISCO SARABIA, MX","2016-07-18","2.3","26.0",,
"MXM00076843","FRANCISCO SARABIA, MX","2016-07-19","1.0","26.3",,
"MXM00076843","FRANCISCO SARABIA, MX","2016-07-20","0.5","25.5",,
"MXM00076843","FRANCISCO SARABIA, MX","2016-07-21","3.0","24.6",,
"MXM00076843","FRANCISCO SARABIA, MX","2016-07-22","3.0","25.8",,
"MXM00076843","FRANCISCO SARABIA, MX","2016-07-23","0.0","25.8",,
"MXM00076843","FRANCISCO SARABIA, MX","2016-07-24","0.0","25.7",,
"MXM00076843","FRANCISCO SARABIA, MX","2016-07-25","4.3","24.8",,
"MXM00076843","FRANCISCO SARABIA, MX","2016-07-26","7.9","26.0",,
"MXM00076843","FRANCISCO SARABIA, MX","2016-07-27","0.0","26.8",,
"MXM00076843","FRANCISCO SARABIA, MX","2016-07-28","0.3","26.2",,
"MXM00076843","FRANCISCO SARABIA, MX","2016-07-29","18.8","26.2",,
"MXM00076843","FRANCISCO SARABIA, MX","2016-07-30","0.0","24.9",,
"MXM00076843","FRANCISCO SARABIA, MX","2016-07-31","19.6","24.7",,
"MXM00076843","FRANCISCO SARABIA, MX","2016-08-01","0.0","25.8","33.0","18.3"
"MXM00076843","FRANCISCO SARABIA, MX","2016-08-02","0.3","25.9",,
"MXM00076843","FRANCISCO SARABIA, MX","2016-08-03","0.0","27.1","32.8","21.7"
"MXM00076843","FRANCISCO SARABIA, MX","2016-08-04","1.0","25.2",,
"MXM00076843","FRANCISCO SARABIA, MX","2016-08-05","7.9","22.7",,
"MXM00076843","FRANCISCO SARABIA, MX","2016-08-06","0.0","24.7",,
"MXM00076843","FRANCISCO SARABIA, MX","2016-08-07","0.0","26.6",,
"MXM00076843","FRANCISCO SARABIA, MX","2016-08-08","0.0","26.5",,
"MXM00076843","FRANCISCO SARABIA, MX","2016-08-09","29.0","24.7",,
"MXM00076843","FRANCISCO SARABIA, MX","2016-08-10","0.0","27.2",,
"MXM00076843","FRANCISCO SARABIA, MX","2016-08-11","0.0","26.9",,
"MXM00076843","FRANCISCO SARABIA, MX","2016-08-12","0.3","26.3",,
"MXM00076843","FRANCISCO SARABIA, MX","2016-08-13","0.0","26.3",,
"MXM00076843","FRANCISCO SARABIA, MX","2016-08-14","0.0","24.8",,
"MXM00076843","FRANCISCO SARABIA, MX","2016-08-15","8.9","23.9",,
"MXM00076843","FRANCISCO SARABIA, MX","2016-08-16","22.1","25.1",,
"MXM00076843","FRANCISCO SARABIA, MX","2016-08-17","49.3","23.5",,
"MXM00076843","FRANCISCO SARABIA, MX","2016-08-18","0.0","25.6",,
"MXM00076843","FRANCISCO SARABIA, MX","2016-08-19","16.5","24.2",,
"MXM00076843","FRANCISCO SARABIA, MX","2016-08-20","0.0","26.7","33.8","20.8"
"MXM00076843","FRANCISCO SARABIA, MX","2016-08-21","1.3","26.5",,
"MXM00076843","FRANCISCO SARABIA, MX","2016-08-22","0.0","24.6",,
"MXM00076843","FRANCISCO SARABIA, MX","2016-08-23","5.6","24.9",,
"MXM00076843","FRANCISCO SARABIA, MX","2016-08-24","0.0","25.8",,
"MXM00076843","FRANCISCO SARABIA, MX","2016-08-25","0.0","26.3",,
"MXM00076843","FRANCISCO SARABIA, MX","2016-08-26","0.0","26.5",,
"MXM00076843","FRANCISCO SARABIA, MX","2016-08-27","0.8","26.6",,
"MXM00076843","FRANCISCO SARABIA, MX","2016-08-28","0.0","25.3",,
"MXM00076843","FRANCISCO SARABIA, MX","2016-08-29","2.0","24.2",,
"MXM00076843","FRANCISCO SARABIA, MX","2016-08-30","38.4","24.7",,
"MXM00076843","FRANCISCO SARABIA, MX","2016-08-31","1.0","24.8",,
"MXM00076843","FRANCISCO SARABIA, MX","2016-09-01","3.6","25.4","33.2","22.0"
"MXM00076843","FRANCISCO SARABIA, MX","2016-09-02","0.0","26.3","33.0","23.0"
"MXM00076843","FRANCISCO SARABIA, MX","2016-09-03","108.5","22.9",,
"MXM00076843","FRANCISCO SARABIA, MX","2016-09-04","20.8","23.8","31.2","21.0"
"MXM00076843","FRANCISCO SARABIA, MX","2016-09-05","0.0","25.2",,
"MXM00076843","FRANCISCO SARABIA, MX","2016-09-06","0.0","24.9",,
"MXM00076843","FRANCISCO SARABIA, MX","2016-09-07","6.6","25.5",,
"MXM00076843","FRANCISCO SARABIA, MX","2016-09-08","0.0","25.1",,
"MXM00076843","FRANCISCO SARABIA, MX","2016-09-09","0.0","25.1",,
"MXM00076843","FRANCISCO SARABIA, MX","2016-09-10","0.0","25.4",,
"MXM00076843","FRANCISCO SARABIA, MX","2016-09-11","1.5","24.9",,
"MXM00076843","FRANCISCO SARABIA, MX","2016-09-12","0.0","25.1",,
"MXM00076843","FRANCISCO SARABIA, MX","2016-09-13","0.0","23.8",,
"MXM00076843","FRANCISCO SARABIA, MX","2016-09-14","21.6","24.2",,
"MXM00076843","FRANCISCO SARABIA, MX","2016-09-15","5.3","24.4",,
"MXM00076843","FRANCISCO SARABIA, MX","2016-09-16","33.8","24.6",,
"MXM00076843","FRANCISCO SARABIA, MX","2016-09-17","25.9","23.7",,
"MXM00076843","FRANCISCO SARABIA, MX","2016-09-18","0.0","25.8",,
"MXM00076843","FRANCISCO SARABIA, MX","2016-09-19","0.3","25.0",,
"MXM00076843","FRANCISCO SARABIA, MX","2016-09-20","0.0","25.8",,
"MXM00076843","FRANCISCO SARABIA, MX","2016-09-21","0.0","24.9",,
"MXM00076843","FRANCISCO SARABIA, MX","2016-09-22","0.0","24.9",,
"MXM00076843","FRANCISCO SARABIA, MX","2016-09-23","1.5","24.7",,
"MXM00076843","FRANCISCO SARABIA, MX","2016-09-24","21.6","23.2",,
"MXM00076843","FRANCISCO SARABIA, MX","2016-09-25","4.1","24.1",,
"MXM00076843","FRANCISCO SARABIA, MX","2016-09-26","0.0","24.3",,
"MXM00076843","FRANCISCO SARABIA, MX","2016-09-27","43.4","23.4",,
"MXM00076843","FRANCISCO SARABIA, MX","2016-09-28","1.8","25.1",,
"MXM00076843","FRANCISCO SARABIA, MX","2016-09-29","0.0","25.8",,
"MXM00076843","FRANCISCO SARABIA, MX","2016-09-30","0.0","25.2",,
"MXM00076843","FRANCISCO SARABIA, MX","2016-10-01","5.3","24.3",,
"MXM00076843","FRANCISCO SARABIA, MX","2016-10-02","3.3","24.9",,
"MXM00076843","FRANCISCO SARABIA, MX","2016-10-03","0.0","25.8","33.4","20.6"
"MXM00076843","FRANCISCO SARABIA, MX","2016-10-04","0.0","25.7",,
"MXM00076843","FRANCISCO SARABIA, MX","2016-10-05","0.5","25.6",,
"MXM00076843","FRANCISCO SARABIA, MX","2016-10-06","0.5","24.7",,
"MXM00076843","FRANCISCO SARABIA, MX","2016-10-07","0.0","25.3","33.7","21.1"
"MXM00076843","FRANCISCO SARABIA, MX","2016-10-08","9.9","25.3",,
"MXM00076843","FRANCISCO SARABIA, MX","2016-10-09","0.0","24.9",,
"MXM00076843","FRANCISCO SARABIA, MX","2016-10-10","0.5","24.1",,
"MXM00076843","FRANCISCO SARABIA, MX","2016-10-11","1.5","24.8",,
"MXM00076843","FRANCISCO SARABIA, MX","2016-10-12","0.0","25.6",,
"MXM00076843","FRANCISCO SARABIA, MX","2016-10-13","0.0","25.9",,
"MXM00076843","FRANCISCO SARABIA, MX","2016-10-14","0.0","24.1",,
"MXM00076843","FRANCISCO SARABIA, MX","2016-10-15","0.0","24.6",,
"MXM00076843","FRANCISCO SARABIA, MX","2016-10-16","0.0","25.8",,
"MXM00076843","FRANCISCO SARABIA, MX","2016-10-17","0.0","25.0",,
"MXM00076843","FRANCISCO SARABIA, MX","2016-10-18","0.0","24.9",,
"MXM00076843","FRANCISCO SARABIA, MX","2016-10-19","16.8","24.9",,
"MXM00076843","FRANCISCO SARABIA, MX","2016-10-20","0.0","24.2",,
"MXM00076843","FRANCISCO SARABIA, MX","2016-10-21","0.0","25.0",,
"MXM00076843","FRANCISCO SARABIA, MX","2016-10-22","0.0","24.9",,
"MXM00076843","FRANCISCO SARABIA, MX","2016-10-23","0.0","24.2",,
"MXM00076843","FRANCISCO SARABIA, MX","2016-10-24","0.0","24.2",,
"MXM00076843","FRANCISCO SARABIA, MX","2016-10-25","0.0","24.3",,
"MXM00076843","FRANCISCO SARABIA, MX","2016-10-26","0.0","23.4",,
"MXM00076843","FRANCISCO SARABIA, MX","2016-10-27","0.0","23.3",,
"MXM00076843","FRANCISCO SARABIA, MX","2016-10-28","0.0","23.2",,
"MXM00076843","FRANCISCO SARABIA, MX","2016-10-29","0.0","22.9",,
"MXM00076843","FRANCISCO SARABIA, MX","2016-10-30","0.0","23.5",,
"MXM00076843","FRANCISCO SARABIA, MX","2016-10-31","0.0","24.3",,
"MXM00076843","FRANCISCO SARABIA, MX","2016-11-01","0.0","25.4",,
"MXM00076843","FRANCISCO SARABIA, MX","2016-11-02","0.0","25.1",,
"MXM00076843","FRANCISCO SARABIA, MX","2016-11-03","0.8","24.2",,
"MXM00076843","FRANCISCO SARABIA, MX","2016-11-04","0.0","24.2",,
"MXM00076843","FRANCISCO SARABIA, MX","2016-11-05","0.0","24.1",,
"MXM00076843","FRANCISCO SARABIA, MX","2016-11-06","0.0","24.2",,
"MXM00076843","FRANCISCO SARABIA, MX","2016-11-07","0.0","24.4",,
"MXM00076843","FRANCISCO SARABIA, MX","2016-11-08","0.0","24.2",,
"MXM00076843","FRANCISCO SARABIA, MX","2016-11-09","0.0","24.6",,
"MXM00076843","FRANCISCO SARABIA, MX","2016-11-10","0.0","23.4",,
"MXM00076843","FRANCISCO SARABIA, MX","2016-11-12","0.0","23.5",,
"MXM00076843","FRANCISCO SARABIA, MX","2016-11-13","0.0","23.1",,
"MXM00076843","FRANCISCO SARABIA, MX","2016-11-14","0.0","21.5",,
"MXM00076843","FRANCISCO SARABIA, MX","2016-11-15","0.3","23.6",,
"MXM00076843","FRANCISCO SARABIA, MX","2016-11-16","2.8","22.9",,
"MXM00076843","FRANCISCO SARABIA, MX","2016-11-17","0.0","23.2",,
"MXM00076843","FRANCISCO SARABIA, MX","2016-11-18","0.0","22.5",,
"MXM00076843","FRANCISCO SARABIA, MX","2016-11-19","0.0","24.1","32.0","18.5"
"MXM00076843","FRANCISCO SARABIA, MX","2016-11-20","0.0","22.6",,
"MXM00076843","FRANCISCO SARABIA, MX","2016-11-21","0.0","21.1",,
"MXM00076843","FRANCISCO SARABIA, MX","2016-11-22","0.0","20.2",,
"MXM00076843","FRANCISCO SARABIA, MX","2016-11-23","0.0","21.0",,
"MXM00076843","FRANCISCO SARABIA, MX","2016-11-24","0.0","22.4","30.1","15.7"
"MXM00076843","FRANCISCO SARABIA, MX","2016-11-25","0.0","21.9",,
"MXM00076843","FRANCISCO SARABIA, MX","2016-11-26","0.0","23.5","29.4","19.3"
"MXM00076843","FRANCISCO SARABIA, MX","2016-11-27","0.0","23.4",,
"MXM00076843","FRANCISCO SARABIA, MX","2016-11-28","0.0","22.8",,
"MXM00076843","FRANCISCO SARABIA, MX","2016-11-29","0.0","24.9",,
"MXM00076843","FRANCISCO SARABIA, MX","2016-11-30","0.0","24.0",,
"MXM00076843","FRANCISCO SARABIA, MX","2016-12-01","0.0","24.4","34.5","17.0"
"MXM00076843","FRANCISCO SARABIA, MX","2016-12-02","0.0","23.1",,
"MXM00076843","FRANCISCO SARABIA, MX","2016-12-03","0.0","24.9",,
"MXM00076843","FRANCISCO SARABIA, MX","2016-12-04","0.0","25.1",,
"MXM00076843","FRANCISCO SARABIA, MX","2016-12-05","0.0","24.1",,
"MXM00076843","FRANCISCO SARABIA, MX","2016-12-06","0.0","23.7",,
"MXM00076843","FRANCISCO SARABIA, MX","2016-12-07","0.0","24.7","34.7","16.8"
"MXM00076843","FRANCISCO SARABIA, MX","2016-12-08","1.5","24.7",,
"MXM00076843","FRANCISCO SARABIA, MX","2016-12-09","0.0","23.2",,
"MXM00076843","FRANCISCO SARABIA, MX","2016-12-10","0.0","21.7",,
"MXM00076843","FRANCISCO SARABIA, MX","2016-12-11","0.0","21.8",,
"MXM00076843","FRANCISCO SARABIA, MX","2016-12-12","0.0","22.5",,
"MXM00076843","FRANCISCO SARABIA, MX","2016-12-13","0.0","24.0",,
"MXM00076843","FRANCISCO SARABIA, MX","2016-12-14","0.0","24.7",,
"MXM00076843","FRANCISCO SARABIA, MX","2016-12-15","0.0","25.1",,
"MXM00076843","FRANCISCO SARABIA, MX","2016-12-16","0.0","23.8",,
"MXM00076843","FRANCISCO SARABIA, MX","2016-12-17","0.0","24.2",,
"MXM00076843","FRANCISCO SARABIA, MX","2016-12-18","0.0","26.3",,
"MXM00076843","FRANCISCO SARABIA, MX","2016-12-19","0.0","24.3","35.5","19.8"
"MXM00076843","FRANCISCO SARABIA, MX","2016-12-20","0.0","22.0","29.1","17.4"
"MXM00076843","FRANCISCO SARABIA, MX","2016-12-21","0.0","22.5","29.7","17.4"
"MXM00076843","FRANCISCO SARABIA, MX","2016-12-22","0.0","22.1",,
"MXM00076843","FRANCISCO SARABIA, MX","2016-12-23","0.0","21.6",,
"MXM00076843","FRANCISCO SARABIA, MX","2016-12-24","0.0","22.2",,
"MXM00076843","FRANCISCO SARABIA, MX","2016-12-25","0.0","24.3",,
"MXM00076843","FRANCISCO SARABIA, MX","2016-12-26","0.0","23.8",,
"MXM00076843","FRANCISCO SARABIA, MX","2016-12-27","0.0","24.2",,
"MXM00076843","FRANCISCO SARABIA, MX","2016-12-28","0.0","24.4",,
"MXM00076843","FRANCISCO SARABIA, MX","2016-12-29","0.0","24.2",,
"MXM00076843","FRANCISCO SARABIA, MX","2016-12-30","0.0","24.2",,
"MXM00076843","FRANCISCO SARABIA, MX","2016-12-31","0.0","23.7",,
"MXM00076843","FRANCISCO SARABIA, MX","2017-01-02","0.0","23.3",,
"MXM00076843","FRANCISCO SARABIA, MX","2017-01-03","0.0","23.9",,
"MXM00076843","FRANCISCO SARABIA, MX","2017-01-04","0.0","23.2",,
"MXM00076843","FRANCISCO SARABIA, MX","2017-01-05","0.0","23.3",,
"MXM00076843","FRANCISCO SARABIA, MX","2017-01-06","0.0","24.6",,
"MXM00076843","FRANCISCO SARABIA, MX","2017-01-07","0.0","23.7","36.1","17.2"
"MXM00076843","FRANCISCO SARABIA, MX","2017-01-08","1.8","20.8","28.0","17.0"
"MXM00076843","FRANCISCO SARABIA, MX","2017-01-09","0.0","18.8",,
"MXM00076843","FRANCISCO SARABIA, MX","2017-01-10","0.0","18.1",,
"MXM00076843","FRANCISCO SARABIA, MX","2017-01-11","0.0","19.9",,
"MXM00076843","FRANCISCO SARABIA, MX","2017-01-12","0.0","21.3",,
"MXM00076843","FRANCISCO SARABIA, MX","2017-01-13","0.0","22.0",,
"MXM00076843","FRANCISCO SARABIA, MX","2017-01-14","0.0","22.2",,
"MXM00076843","FRANCISCO SARABIA, MX","2017-01-15","0.0","22.7",,
"MXM00076843","FRANCISCO SARABIA, MX","2017-01-16","0.0","23.1",,
"MXM00076843","FRANCISCO SARABIA, MX","2017-01-17","0.0","24.6",,
"MXM00076843","FRANCISCO SARABIA, MX","2017-01-18","0.0","24.9",,
"MXM00076843","FRANCISCO SARABIA, MX","2017-01-19","0.0","25.4",,
"MXM00076843","FRANCISCO SARABIA, MX","2017-01-20","0.0","25.2",,
"MXM00076843","FRANCISCO SARABIA, MX","2017-01-21","0.0","24.3",,
"MXM00076843","FRANCISCO SARABIA, MX","2017-01-22","0.0","25.4",,
"MXM00076843","FRANCISCO SARABIA, MX","2017-01-23","0.0","24.8","34.7","17.6"
"MXM00076843","FRANCISCO SARABIA, MX","2017-01-24","0.0","21.6",,
"MXM00076843","FRANCISCO SARABIA, MX","2017-01-25","0.0","23.4",,
"MXM00076843","FRANCISCO SARABIA, MX","2017-01-26","0.0","23.4",,
"MXM00076843","FRANCISCO SARABIA, MX","2017-01-27","0.0","23.6",,
"MXM00076843","FRANCISCO SARABIA, MX","2017-01-28","0.0","23.6",,
"MXM00076843","FRANCISCO SARABIA, MX","2017-01-29","0.0","21.1","30.9","18.3"
"MXM00076843","FRANCISCO SARABIA, MX","2017-01-30","0.0","19.2",,
"MXM00076843","FRANCISCO SARABIA, MX","2017-01-31","0.0","19.2",,
"MXM00076843","FRANCISCO SARABIA, MX","2017-02-01","0.0","21.9",,
"MXM00076843","FRANCISCO SARABIA, MX","2017-02-02","0.0","22.9","34.8","14.0"
"MXM00076843","FRANCISCO SARABIA, MX","2017-02-03","0.0","23.1",,
"MXM00076843","FRANCISCO SARABIA, MX","2017-02-04","0.0","23.6",,
"MXM00076843","FRANCISCO SARABIA, MX","2017-02-05","0.0","24.3",,
"MXM00076843","FRANCISCO SARABIA, MX","2017-02-06","0.0","25.4",,
"MXM00076843","FRANCISCO SARABIA, MX","2017-02-07","0.0","25.8",,
"MXM00076843","FRANCISCO SARABIA, MX","2017-02-08","0.0","27.0",,
"MXM00076843","FRANCISCO SARABIA, MX","2017-02-09","0.0","26.4",,
"MXM00076843","FRANCISCO SARABIA, MX","2017-02-10","0.0","25.3",,
"MXM00076843","FRANCISCO SARABIA, MX","2017-02-11","0.0","25.3",,
"MXM00076843","FRANCISCO SARABIA, MX","2017-02-12","0.0","25.1",,
"MXM00076843","FRANCISCO SARABIA, MX","2017-02-13","0.0","24.5",,
"MXM00076843","FRANCISCO SARABIA, MX","2017-02-14","0.0","24.8",,
"MXM00076843","FRANCISCO SARABIA, MX","2017-02-15","0.0","24.5",,
"MXM00076843","FRANCISCO SARABIA, MX","2017-02-16","0.0","24.7",,
"MXM00076843","FRANCISCO SARABIA, MX","2017-02-17","0.0","24.1",,
"MXM00076843","FRANCISCO SARABIA, MX","2017-02-18","0.0","25.3",,
"MXM00076843","FRANCISCO SARABIA, MX","2017-02-19","0.0","25.6",,
"MXM00076843","FRANCISCO SARABIA, MX","2017-02-20","0.0","25.4",,
"MXM00076843","FRANCISCO SARABIA, MX","2017-02-21","0.0","24.8",,
"MXM00076843","FRANCISCO SARABIA, MX","2017-02-22","0.0","23.0",,
"MXM00076843","FRANCISCO SARABIA, MX","2017-02-23","0.0","23.4",,
"MXM00076843","FRANCISCO SARABIA, MX","2017-02-24","0.0","25.8","37.2","13.8"
"MXM00076843","FRANCISCO SARABIA, MX","2017-02-25","0.0","25.7",,
"MXM00076843","FRANCISCO SARABIA, MX","2017-02-26","0.0","25.9",,
"MXM00076843","FRANCISCO SARABIA, MX","2017-02-27","0.0","27.1",,
"MXM00076843","FRANCISCO SARABIA, MX","2017-02-28","0.0","27.3",,
"MXM00076843","FRANCISCO SARABIA, MX","2017-03-01","0.0","27.3",,
"MXM00076843","FRANCISCO SARABIA, MX","2017-03-02","0.0","27.8","38.6","19.7"
"MXM00076843","FRANCISCO SARABIA, MX","2017-03-03","0.0","27.2",,
"MXM00076843","FRANCISCO SARABIA, MX","2017-03-04","0.0","25.4",,
"MXM00076843","FRANCISCO SARABIA, MX","2017-03-05","0.0","25.1",,
"MXM00076843","FRANCISCO SARABIA, MX","2017-03-06","0.0","25.6",,
"MXM00076843","FRANCISCO SARABIA, MX","2017-03-07","0.0","26.3",,
"MXM00076843","FRANCISCO SARABIA, MX","2017-03-08","0.0","26.5",,
"MXM00076843","FRANCISCO SARABIA, MX","2017-03-09","0.0","26.0",,
"MXM00076843","FRANCISCO SARABIA, MX","2017-03-10","0.0","25.2",,
"MXM00076843","FRANCISCO SARABIA, MX","2017-03-11","0.0","26.4",,
"MXM00076843","FRANCISCO SARABIA, MX","2017-03-12","0.0","27.2","36.4","20.5"
"MXM00076843","FRANCISCO SARABIA, MX","2017-03-13","0.0","26.2","34.9","22.8"
"MXM00076843","FRANCISCO SARABIA, MX","2017-03-14","0.0","24.7","32.0","21.0"
"MXM00076843","FRANCISCO SARABIA, MX","2017-03-15","0.0","23.7",,
"MXM00076843","FRANCISCO SARABIA, MX","2017-03-16","0.0","23.5",,
"MXM00076843","FRANCISCO SARABIA, MX","2017-03-17","0.0","23.9",,
"MXM00076843","FRANCISCO SARABIA, MX","2017-03-18","0.0","24.6",,
"MXM00076843","FRANCISCO SARABIA, MX","2017-03-19","0.0","24.5",,
"MXM00076843","FRANCISCO SARABIA, MX","2017-03-20","0.0","23.9",,
"MXM00076843","FRANCISCO SARABIA, MX","2017-03-21","0.0","24.1","31.8","16.5"
"MXM00076843","FRANCISCO SARABIA, MX","2017-03-22","0.0","25.1",,
"MXM00076843","FRANCISCO SARABIA, MX","2017-03-23","0.0","25.5",,
"MXM00076843","FRANCISCO SARABIA, MX","2017-03-24","0.0","25.9",,
"MXM00076843","FRANCISCO SARABIA, MX","2017-03-25","0.0","27.2",,
"MXM00076843","FRANCISCO SARABIA, MX","2017-03-26","0.0","27.5",,
"MXM00076843","FRANCISCO SARABIA, MX","2017-03-27","0.0","28.6",,
"MXM00076843","FRANCISCO SARABIA, MX","2017-03-28","0.0","28.6",,
"MXM00076843","FRANCISCO SARABIA, MX","2017-03-29","0.0","28.9",,
"MXM00076843","FRANCISCO SARABIA, MX","2017-03-30","0.0","28.1",,
"MXM00076843","FRANCISCO SARABIA, MX","2017-03-31","0.0","28.8","37.8","21.0"
"MXM00076843","FRANCISCO SARABIA, MX","2017-04-01","0.0","28.6",,
"MXM00076843","FRANCISCO SARABIA, MX","2017-04-02","0.0","28.6",,
"MXM00076843","FRANCISCO SARABIA, MX","2017-04-03","0.0","27.4",,
"MXM00076843","FRANCISCO SARABIA, MX","2017-04-04","0.0","28.8",,
"MXM00076843","FRANCISCO SARABIA, MX","2017-04-05","0.0","29.8",,
"MXM00076843","FRANCISCO SARABIA, MX","2017-04-06","0.0","27.8","40.9","22.6"
"MXM00076843","FRANCISCO SARABIA, MX","2017-04-07","1.0","24.8","31.3","21.0"
"MXM00076843","FRANCISCO SARABIA, MX","2017-04-08","0.0","25.4",,
"MXM00076843","FRANCISCO SARABIA, MX","2017-04-09","0.0","26.7",,
"MXM00076843","FRANCISCO SARABIA, MX","2017-04-10","0.0","27.9",,
"MXM00076843","FRANCISCO SARABIA, MX","2017-04-11","0.0","27.6",,
"MXM00076843","FRANCISCO SARABIA, MX","2017-04-12","0.0","27.2",,
"MXM00076843","FRANCISCO SARABIA, MX","2017-04-13","0.0","26.2",,
"MXM00076843","FRANCISCO SARABIA, MX","2017-04-14","0.0","26.5",,
"MXM00076843","FRANCISCO SARABIA, MX","2017-04-15","0.0","27.2",,
"MXM00076843","FRANCISCO SARABIA, MX","2017-04-16","0.0","27.7",,
"MXM00076843","FRANCISCO SARABIA, MX","2017-04-17","0.0","24.7",,
"MXM00076843","FRANCISCO SARABIA, MX","2017-04-18","0.0","22.6",,
"MXM00076843","FRANCISCO SARABIA, MX","2017-04-19","4.8","23.3",,
"MXM00076843","FRANCISCO SARABIA, MX","2017-04-20","0.0","24.7","36.4","18.5"
"MXM00076843","FRANCISCO SARABIA, MX","2017-04-21","0.0","24.9",,
"MXM00076843","FRANCISCO SARABIA, MX","2017-04-22","0.0","27.5",,
"MXM00076843","FRANCISCO SARABIA, MX","2017-04-23","0.0","27.3","37.7","20.8"
"MXM00076843","FRANCISCO SARABIA, MX","2017-04-24","0.0","26.3",,
"MXM00076843","FRANCISCO SARABIA, MX","2017-04-25","0.0","27.4",,
"MXM00076843","FRANCISCO SARABIA, MX","2017-04-26","0.0","28.4",,
"MXM00076843","FRANCISCO SARABIA, MX","2017-04-27","0.0","28.7",,
"MXM00076843","FRANCISCO SARABIA, MX","2017-04-28","0.0","29.3",,
"MXM00076843","FRANCISCO SARABIA, MX","2017-04-29","0.0","29.8",,
"MXM00076843","FRANCISCO SARABIA, MX","2017-04-30","0.0","31.2","39.2","22.3"
"MXM00076843","FRANCISCO SARABIA, MX","2017-05-01","8.4","28.2",,
"MXM00076843","FRANCISCO SARABIA, MX","2017-05-02","0.0","28.3",,
"MXM00076843","FRANCISCO SARABIA, MX","2017-05-03","0.0","29.7",,
"MXM00076843","FRANCISCO SARABIA, MX","2017-05-04","0.0","29.5",,
"MXM00076843","FRANCISCO SARABIA, MX","2017-05-05","1.0","24.3",,
"MXM00076843","FRANCISCO SARABIA, MX","2017-05-06","0.0","24.0",,
"MXM00076843","FRANCISCO SARABIA, MX","2017-05-07","0.0","26.0",,
"MXM00076843","FRANCISCO SARABIA, MX","2017-05-08","0.0","28.1","37.4","19.0"
"MXM00076843","FRANCISCO SARABIA, MX","2017-05-09","0.0","28.2","38.3","20.7"
"MXM00076843","FRANCISCO SARABIA, MX","2017-05-10","0.0","28.2",,
"MXM00076843","FRANCISCO SARABIA, MX","2017-05-11","0.3","27.4","35.5","23.1"
"MXM00076843","FRANCISCO SARABIA, MX","2017-05-12","0.0","28.5",,
"MXM00076843","FRANCISCO SARABIA, MX","2017-05-13","20.3","27.0",,
"MXM00076843","FRANCISCO SARABIA, MX","2017-05-14",,"25.2",,
"MXM00076843","FRANCISCO SARABIA, MX","2017-05-15","1.0","28.3",,
"MXM00076843","FRANCISCO SARABIA, MX","2017-05-16","0.0","29.5","38.0","22.1"
"MXM00076843","FRANCISCO SARABIA, MX","2017-05-17","0.0","29.9",,
"MXM00076843","FRANCISCO SARABIA, MX","2017-05-18","0.0","29.8",,
"MXM00076843","FRANCISCO SARABIA, MX","2017-05-19","0.0","31.0",,
"MXM00076843","FRANCISCO SARABIA, MX","2017-05-20","0.0","30.6",,
"MXM00076843","FRANCISCO SARABIA, MX","2017-05-21","1.0","30.1",,
"MXM00076843","FRANCISCO SARABIA, MX","2017-05-22","0.0","28.3",,
"MXM00076843","FRANCISCO SARABIA, MX","2017-05-23","0.3","28.9",,
"MXM00076843","FRANCISCO SARABIA, MX","2017-05-24","0.0","27.6",,
"MXM00076843","FRANCISCO SARABIA, MX","2017-05-25","0.0","25.2",,
"MXM00076843","FRANCISCO SARABIA, MX","2017-05-26","22.6","25.8",,
"MXM00076843","FRANCISCO SARABIA, MX","2017-05-27","21.3","25.2",,
"MXM00076843","FRANCISCO SARABIA, MX","2017-05-28","0.0","23.9",,
"MXM00076843","FRANCISCO SARABIA, MX","2017-05-29","44.7","23.3","29.2","20.8"
"MXM00076843","FRANCISCO SARABIA, MX","2017-05-30","0.0","24.0",,
"MXM00076843","FRANCISCO SARABIA, MX","2017-05-31","0.0","25.9",,
"MXM00076843","FRANCISCO SARABIA, MX","2017-06-01","24.4","24.3",,
"MXM00076843","FRANCISCO SARABIA, MX","2017-06-02","22.1","24.4",,
"MXM00076843","FRANCISCO SARABIA, MX","2017-06-03","1.0","26.6",,
"MXM00076843","FRANCISCO SARABIA, MX","2017-06-04","0.0","27.2",,
"MXM00076843","FRANCISCO SARABIA, MX","2017-06-05","0.0","26.7","35.4","23.0"
"MXM00076843","FRANCISCO SARABIA, MX","2017-06-06","0.0","27.5",,
"MXM00076843","FRANCISCO SARABIA, MX","2017-06-07","0.0","27.6",,
"MXM00076843","FRANCISCO SARABIA, MX","2017-06-08","10.4","24.3",,
"MXM00076843","FRANCISCO SARABIA, MX","2017-06-09","0.0","26.1",,
"MXM00076843","FRANCISCO SARABIA, MX","2017-06-10","0.0","26.2",,
"MXM00076843","FRANCISCO SARABIA, MX","2017-06-11","0.0","25.9",,
"MXM00076843","FRANCISCO SARABIA, MX","2017-06-12","4.8","25.1",,
"MXM00076843","FRANCISCO SARABIA, MX","2017-06-13","2.3","24.2",,
"MXM00076843","FRANCISCO SARABIA, MX","2017-06-14","12.4","24.0",,
"MXM00076843","FRANCISCO SARABIA, MX","2017-06-15","0.0","24.1",,
"MXM00076843","FRANCISCO SARABIA, MX","2017-06-16","2.8","24.4",,
"MXM00076843","FRANCISCO SARABIA, MX","2017-06-17","0.3","25.0","32.0","21.9"
"MXM00076843","FRANCISCO SARABIA, MX","2017-06-18","20.3","25.3",,
"MXM00076843","FRANCISCO SARABIA, MX","2017-06-19","0.0","25.8",,
"MXM00076843","FRANCISCO SARABIA, MX","2017-06-20","0.0","25.3",,
"MXM00076843","FRANCISCO SARABIA, MX","2017-06-21","0.8","25.6",,
"MXM00076843","FRANCISCO SARABIA, MX","2017-06-22","0.5","25.2","33.6","20.6"
"MXM00076843","FRANCISCO SARABIA, MX","2017-06-23","16.0","24.7",,
"MXM00076843","FRANCISCO SARABIA, MX","2017-06-24","36.6","23.2",,
"MXM00076843","FRANCISCO SARABIA, MX","2017-06-25","0.3","24.7",,
"MXM00076843","FRANCISCO SARABIA, MX","2017-06-26","0.5","25.9",,
"MXM00076843","FRANCISCO SARABIA, MX","2017-06-27","0.5","25.9",,
"MXM00076843","FRANCISCO SARABIA, MX","2017-06-28","9.4","24.0",,
"MXM00076843","FRANCISCO SARABIA, MX","2017-06-29","0.3","26.6","33.0","20.2"
"MXM00076843","FRANCISCO SARABIA, MX","2017-06-30",,"23.6",,
"MXM00076843","FRANCISCO SARABIA, MX","2017-07-01","0.0","25.8",,
"MXM00076843","FRANCISCO SARABIA, MX","2017-07-02","0.0","25.9",,
"MXM00076843","FRANCISCO SARABIA, MX","2017-07-03","3.8","24.2",,
"MXM00076843","FRANCISCO SARABIA, MX","2017-07-04","0.0","25.7",,
"MXM00076843","FRANCISCO SARABIA, MX","2017-07-05","0.3","25.8",,
"MXM00076843","FRANCISCO SARABIA, MX","2017-07-06","34.3","24.4",,
"MXM00076843","FRANCISCO SARABIA, MX","2017-07-07","3.0","24.9",,
"MXM00076843","FRANCISCO SARABIA, MX","2017-07-08","6.4","25.2",,
"MXM00076843","FRANCISCO SARABIA, MX","2017-07-09","0.3","25.9",,
"MXM00076843","FRANCISCO SARABIA, MX","2017-07-10","24.4","25.6",,
"MXM00076843","FRANCISCO SARABIA, MX","2017-07-11","10.7","26.1",,
"MXM00076843","FRANCISCO SARABIA, MX","2017-07-12","1.0","26.1",,
"MXM00076843","FRANCISCO SARABIA, MX","2017-07-13","36.6","25.3",,
"MXM00076843","FRANCISCO SARABIA, MX","2017-07-14","0.5","25.1",,
"MXM00076843","FRANCISCO SARABIA, MX","2017-07-15","65.8","22.7",,
"MXM00076843","FRANCISCO SARABIA, MX","2017-07-16","2.0","24.9",,
"MXM00076843","FRANCISCO SARABIA, MX","2017-07-17","40.1","24.8","32.3","19.6"
"MXM00076843","FRANCISCO SARABIA, MX","2017-07-18","0.0","26.1",,
"MXM00076843","FRANCISCO SARABIA, MX","2017-07-19","0.0","27.1",,
"MXM00076843","FRANCISCO SARABIA, MX","2017-07-20","0.0","26.8",,
"MXM00076843","FRANCISCO SARABIA, MX","2017-07-21","0.0","27.3",,
"MXM00076843","FRANCISCO SARABIA, MX","2017-07-22","0.0","27.3",,
"MXM00076843","FRANCISCO SARABIA, MX","2017-07-23","0.0","26.2",,
"MXM00076843","FRANCISCO SARABIA, MX","2017-07-24","0.0","27.6",,
"MXM00076843","FRANCISCO SARABIA, MX","2017-07-25","1.3","27.1",,
"MXM00076843","FRANCISCO SARABIA, MX","2017-07-26","0.0","27.5",,
"MXM00076843","FRANCISCO SARABIA, MX","2017-07-27","2.3","26.3",,
"MXM00076843","FRANCISCO SARABIA, MX","2017-07-28","1.8","26.4",,
"MXM00076843","FRANCISCO SARABIA, MX","2017-07-29","39.9","25.6",,
"MXM00076843","FRANCISCO SARABIA, MX","2017-07-30","2.0","26.4",,
"MXM00076843","FRANCISCO SARABIA, MX","2017-07-31","0.8","27.4",,
"MXM00076843","FRANCISCO SARABIA, MX","2017-08-01","46.5","26.2",,
"MXM00076843","FRANCISCO SARABIA, MX","2017-08-02","0.3","26.3",,
"MXM00076843","FRANCISCO SARABIA, MX","2017-08-03","1.8","25.5",,
"MXM00076843","FRANCISCO SARABIA, MX","2017-08-04","0.0","26.5",,
"MXM00076843","FRANCISCO SARABIA, MX","2017-08-05","0.0","27.5","34.4","20.4"
"MXM00076843","FRANCISCO SARABIA, MX","2017-08-06","0.0","27.6",,
"MXM00076843","FRANCISCO SARABIA, MX","2017-08-07","0.0","28.4",,
"MXM00076843","FRANCISCO SARABIA, MX","2017-08-08","6.6","25.8",,
"MXM00076843","FRANCISCO SARABIA, MX","2017-08-09","5.1","24.9",,
"MXM00076843","FRANCISCO SARABIA, MX","2017-08-10","0.0","25.5",,
"MXM00076843","FRANCISCO SARABIA, MX","2017-08-11","0.0","26.3","34.0","20.6"
"MXM00076843","FRANCISCO SARABIA, MX","2017-08-12","2.8","25.7",,
"MXM00076843","FRANCISCO SARABIA, MX","2017-08-13","0.0","26.3",,
"MXM00076843","FRANCISCO SARABIA, MX","2017-08-14","0.5","26.6","33.4","20.3"
"MXM00076843","FRANCISCO SARABIA, MX","2017-08-15","0.3","25.2","33.3","22.0"
"MXM00076843","FRANCISCO SARABIA, MX","2017-08-16","14.2","24.4",,
"MXM00076843","FRANCISCO SARABIA, MX","2017-08-17","0.0","27.4","34.5","20.2"
"MXM00076843","FRANCISCO SARABIA, MX","2017-08-18","1.5","25.5",,
"MXM00076843","FRANCISCO SARABIA, MX","2017-08-19","0.0","25.7",,
"MXM00076843","FRANCISCO SARABIA, MX","2017-08-20","0.0","26.4",,
"MXM00076843","FRANCISCO SARABIA, MX","2017-08-21","0.3","26.8","33.0","21.3"
"MXM00076843","FRANCISCO SARABIA, MX","2017-08-22","0.5","26.4",,
"MXM00076843","FRANCISCO SARABIA, MX","2017-08-23","0.0","25.6","34.0","20.9"
"MXM00076843","FRANCISCO SARABIA, MX","2017-08-24","0.0","25.5","34.2","20.9"
"MXM00076843","FRANCISCO SARABIA, MX","2017-08-25","11.2","25.8",,
"MXM00076843","FRANCISCO SARABIA, MX","2017-08-26","55.9","24.6",,
"MXM00076843","FRANCISCO SARABIA, MX","2017-08-27",,"27.0",,
"MXM00076843","FRANCISCO SARABIA, MX","2017-08-28","0.0","26.6",,
"MXM00076843","FRANCISCO SARABIA, MX","2017-08-29","0.0","25.5",,
"MXM00076843","FRANCISCO SARABIA, MX","2017-08-30","18.8","25.0","33.0","20.2"
"MXM00076843","FRANCISCO SARABIA, MX","2017-08-31","1.3","25.7","32.1","20.2"
"MXM00076843","FRANCISCO SARABIA, MX","2017-09-01","14.2","24.5",,
"MXM00076843","FRANCISCO SARABIA, MX","2017-09-02","0.8","24.9","32.1","21.5"
"MXM00076843","FRANCISCO SARABIA, MX","2017-09-03","0.5","25.2",,
"MXM00076843","FRANCISCO SARABIA, MX","2017-09-04","0.5","25.1",,
"MXM00076843","FRANCISCO SARABIA, MX","2017-09-05","2.3","26.3","33.2","21.0"
"MXM00076843","FRANCISCO SARABIA, MX","2017-09-06","0.0","25.5",,
"MXM00076843","FRANCISCO SARABIA, MX","2017-09-07","15.2","25.3",,
"MXM00076843","FRANCISCO SARABIA, MX","2017-09-08",,"26.6","32.8","21.5"
"MXM00076843","FRANCISCO SARABIA, MX","2017-09-09","5.8","25.5",,
"MXM00076843","FRANCISCO SARABIA, MX","2017-09-10","0.0","25.8",,
"MXM00076843","FRANCISCO SARABIA, MX","2017-09-11",,"24.9","32.0","21.2"
"MXM00076843","FRANCISCO SARABIA, MX","2017-09-12","0.0","24.3",,
"MXM00076843","FRANCISCO SARABIA, MX","2017-09-13","0.0","25.4",,
"MXM00076843","FRANCISCO SARABIA, MX","2017-09-14","5.8","26.2","33.2","19.3"
"MXM00076843","FRANCISCO SARABIA, MX","2017-09-15","14.5","24.9",,
"MXM00076843","FRANCISCO SARABIA, MX","2017-09-16","1.0","27.4","33.8","21.4"
"MXM00076843","FRANCISCO SARABIA, MX","2017-09-17","0.0","27.6",,
"MXM00076843","FRANCISCO SARABIA, MX","2017-09-18","2.3","26.6",,
"MXM00076843","FRANCISCO SARABIA, MX","2017-09-19","8.1","26.1",,
"MXM00076843","FRANCISCO SARABIA, MX","2017-09-20","2.3","25.4","31.0","21.8"
"MXM00076843","FRANCISCO SARABIA, MX","2017-09-21","2.3","26.2","32.7","22.1"
"MXM00076843","FRANCISCO SARABIA, MX","2017-09-22","0.0","26.9","33.0","22.2"
"MXM00076843","FRANCISCO SARABIA, MX","2017-09-23","0.5","25.7",,
"MXM00076843","FRANCISCO SARABIA, MX","2017-09-24","19.3","25.2",,
"MXM00076843","FRANCISCO SARABIA, MX","2017-09-25","24.6","24.8",,
"MXM00076843","FRANCISCO SARABIA, MX","2017-09-26","1.5","25.2","33.0","21.9"
"MXM00076843","FRANCISCO SARABIA, MX","2017-09-27","64.5","25.3","31.5","21.5"
"MXM00076843","FRANCISCO SARABIA, MX","2017-09-28","38.1","25.7",,
"MXM00076843","FRANCISCO SARABIA, MX","2017-09-29","2.3","26.1","31.7","22.2"
"MXM00076843","FRANCISCO SARABIA, MX","2017-09-30","0.0","24.9",,
"MXM00076843","FRANCISCO SARABIA, MX","2017-10-01","7.9","26.1",,
"MXM00076843","FRANCISCO SARABIA, MX","2017-10-02","0.0","25.8","31.1","21.6"
"MXM00076843","FRANCISCO SARABIA, MX","2017-10-03","16.0","25.7","31.5","22.0"
"MXM00076843","FRANCISCO SARABIA, MX","2017-10-04","0.3","25.1","32.2","21.4"
"MXM00076843","FRANCISCO SARABIA, MX","2017-10-05","0.0","27.3","33.6","21.4"
"MXM00076843","FRANCISCO SARABIA, MX","2017-10-06","0.0","25.6","33.3","21.6"
"MXM00076843","FRANCISCO SARABIA, MX","2017-10-07","0.0","25.2",,
"MXM00076843","FRANCISCO SARABIA, MX","2017-10-08","0.3","25.6",,
"MXM00076843","FRANCISCO SARABIA, MX","2017-10-09","0.0","25.5",,
"MXM00076843","FRANCISCO SARABIA, MX","2017-10-10","26.9","25.2","33.6","19.8"
"MXM00076843","FRANCISCO SARABIA, MX","2017-10-11","0.5","24.4",,
"MXM00076843","FRANCISCO SARABIA, MX","2017-10-12","5.8","24.9","31.0","21.0"
"MXM00076843","FRANCISCO SARABIA, MX","2017-10-13","4.3","25.4",,
"MXM00076843","FRANCISCO SARABIA, MX","2017-10-14","0.0","25.3",,
"MXM00076843","FRANCISCO SARABIA, MX","2017-10-15","0.0","25.5",,
"MXM00076843","FRANCISCO SARABIA, MX","2017-10-16","0.0","25.4",,
"MXM00076843","FRANCISCO SARABIA, MX","2017-10-17","0.3","24.2","30.6","20.8"
"MXM00076843","FRANCISCO SARABIA, MX","2017-10-18","1.0","23.5","28.1","21.0"
"MXM00076843","FRANCISCO SARABIA, MX","2017-10-19","0.0","24.4",,
"MXM00076843","FRANCISCO SARABIA, MX","2017-10-20","0.0","26.4","32.9","21.3"
"MXM00076843","FRANCISCO SARABIA, MX","2017-10-21","0.0","25.9",,
"MXM00076843","FRANCISCO SARABIA, MX","2017-10-22","0.3","26.0",,
"MXM00076843","FRANCISCO SARABIA, MX","2017-10-23","0.0","25.5","30.7","22.0"
"MXM00076843","FRANCISCO SARABIA, MX","2017-10-24","0.5","24.1",,
"MXM00076843","FRANCISCO SARABIA, MX","2017-10-25","0.8","22.4","28.5","19.0"
"MXM00076843","FRANCISCO SARABIA, MX","2017-10-26","0.0","22.4","28.1","18.5"
"MXM00076843","FRANCISCO SARABIA, MX","2017-10-27","0.0","22.7",,
"MXM00076843","FRANCISCO SARABIA, MX","2017-10-28","0.0","24.2","32.9","16.4"
"MXM00076843","FRANCISCO SARABIA, MX","2017-10-29","0.0","23.3",,
"MXM00076843","FRANCISCO SARABIA, MX","2017-10-30","0.0","23.5",,
"MXM00076843","FRANCISCO SARABIA, MX","2017-10-31","0.0","24.2",,
"MXM00076843","FRANCISCO SARABIA, MX","2017-11-01","0.0","24.9",,
"MXM00076843","FRANCISCO SARABIA, MX","2017-11-02","0.0","25.9",,
"MXM00076843","FRANCISCO SARABIA, MX","2017-11-03","0.0","25.6",,
"MXM00076843","FRANCISCO SARABIA, MX","2017-11-04","0.0","25.5",,
"MXM00076843","FRANCISCO SARABIA, MX","2017-11-05","0.0","25.1",,
"MXM00076843","FRANCISCO SARABIA, MX","2017-11-06","0.0","24.0",,
"MXM00076843","FRANCISCO SARABIA, MX","2017-11-07","0.0","24.2",,
"MXM00076843","FRANCISCO SARABIA, MX","2017-11-08","0.0","24.0",,
"MXM00076843","FRANCISCO SARABIA, MX","2017-11-09","0.0","24.4",,
"MXM00076843","FRANCISCO SARABIA, MX","2017-11-10","0.0","23.4",,
"MXM00076843","FRANCISCO SARABIA, MX","2017-11-11","0.0","24.0",,
"MXM00076843","FRANCISCO SARABIA, MX","2017-11-12","0.0","25.2","31.8","20.0"
"MXM00076843","FRANCISCO SARABIA, MX","2017-11-13","0.0","25.7",,
"MXM00076843","FRANCISCO SARABIA, MX","2017-11-14","0.0","23.3",,
"MXM00076843","FRANCISCO SARABIA, MX","2017-11-15","0.0","23.4",,
"MXM00076843","FRANCISCO SARABIA, MX","2017-11-16","0.0","24.4",,
"MXM00076843","FRANCISCO SARABIA, MX","2017-11-17","0.0","24.2",,
"MXM00076843","FRANCISCO SARABIA, MX","2017-11-18","0.0","23.6",,
"MXM00076843","FRANCISCO SARABIA, MX","2017-11-19","0.0","23.4",,
"MXM00076843","FRANCISCO SARABIA, MX","2017-11-20","0.0","22.8","29.6","17.8"
"MXM00076843","FRANCISCO SARABIA, MX","2017-11-21","0.0","22.3",,
"MXM00076843","FRANCISCO SARABIA, MX","2017-11-22","0.0","22.9",,
"MXM00076843","FRANCISCO SARABIA, MX","2017-11-23","0.0","21.7","30.2","17.2"
"MXM00076843","FRANCISCO SARABIA, MX","2017-11-24","0.0","21.3",,
"MXM00076843","FRANCISCO SARABIA, MX","2017-11-25","0.0","21.5",,
"MXM00076843","FRANCISCO SARABIA, MX","2017-11-26","0.0","23.6","32.1","14.8"
"MXM00076843","FRANCISCO SARABIA, MX","2017-11-27","0.0","22.7",,
"MXM00076843","FRANCISCO SARABIA, MX","2017-11-28","0.0","20.7",,
"MXM00076843","FRANCISCO SARABIA, MX","2017-11-29","0.0","20.8",,
"MXM00076843","FRANCISCO SARABIA, MX","2017-11-30","0.0","22.4",,
"MXM00076843","FRANCISCO SARABIA, MX","2017-12-01","0.0","20.7",,
"MXM00076843","FRANCISCO SARABIA, MX","2017-12-02","0.0","22.3",,
"MXM00076843","FRANCISCO SARABIA, MX","2017-12-03","0.0","22.3",,
"MXM00076843","FRANCISCO SARABIA, MX","2017-12-04","0.0","22.4",,
"MXM00076843","FRANCISCO SARABIA, MX","2017-12-05","0.0","23.2",,
"MXM00076843","FRANCISCO SARABIA, MX","2017-12-06","0.0","24.3",,
"MXM00076843","FRANCISCO SARABIA, MX","2017-12-07","0.0","24.4",,
"MXM00076843","FRANCISCO SARABIA, MX","2017-12-08","0.0","23.9",,
"MXM00076843","FRANCISCO SARABIA, MX","2017-12-09","0.0","19.4","26.7","15.5"
"MXM00076843","FRANCISCO SARABIA, MX","2017-12-10","0.0","18.8",,
"MXM00076843","FRANCISCO SARABIA, MX","2017-12-11","0.0","16.6",,
"MXM00076843","FRANCISCO SARABIA, MX","2017-12-12","0.0","18.8",,
"MXM00076843","FRANCISCO SARABIA, MX","2017-12-13","0.0","19.8",,
"MXM00076843","FRANCISCO SARABIA, MX","2017-12-14","0.0","19.0",,
"MXM00076843","FRANCISCO SARABIA, MX","2017-12-15","0.0","20.9","31.1","10.1"
"MXM00076843","FRANCISCO SARABIA, MX","2017-12-16","0.0","23.5","31.7","14.7"
"MXM00076843","FRANCISCO SARABIA, MX","2017-12-17","0.0","23.2",,
"MXM00076843","FRANCISCO SARABIA, MX","2017-12-18","0.0","23.2",,
"MXM00076843","FRANCISCO SARABIA, MX","2017-12-19","0.0","24.4",,
"MXM00076843","FRANCISCO SARABIA, MX","2017-12-20","0.0","24.8",,
"MXM00076843","FRANCISCO SARABIA, MX","2017-12-21","0.0","25.4",,
"MXM00076843","FRANCISCO SARABIA, MX","2017-12-22","0.0","25.2",,
"MXM00076843","FRANCISCO SARABIA, MX","2017-12-23","0.0","25.0",,
"MXM00076843","FRANCISCO SARABIA, MX","2017-12-24","0.0","25.2","31.0","18.6"
"MXM00076843","FRANCISCO SARABIA, MX","2017-12-25","0.0","25.1",,
"MXM00076843","FRANCISCO SARABIA, MX","2017-12-26","0.0","23.2",,
"MXM00076843","FRANCISCO SARABIA, MX","2017-12-27","0.0","23.1",,
"MXM00076843","FRANCISCO SARABIA, MX","2017-12-28","0.0","22.2",,
"MXM00076843","FRANCISCO SARABIA, MX","2017-12-29","0.0","22.8",,
"MXM00076843","FRANCISCO SARABIA, MX","2017-12-30","0.0","22.8",,
"MXM00076843","FRANCISCO SARABIA, MX","2017-12-31","0.0","23.3",,
"MXM00076843","FRANCISCO SARABIA, MX","2018-01-01","0.0","23.9","31.7","18.4"
"MXM00076843","FRANCISCO SARABIA, MX","2018-01-02","0.0","22.1","27.4","18.5"
"MXM00076843","FRANCISCO SARABIA, MX","2018-01-03","0.0","20.3",,
"MXM00076843","FRANCISCO SARABIA, MX","2018-01-04","0.0","19.6","25.4","16.4"
"MXM00076843","FRANCISCO SARABIA, MX","2018-01-05","0.0","19.9",,
"MXM00076843","FRANCISCO SARABIA, MX","2018-01-06","0.0","19.7",,
"MXM00076843","FRANCISCO SARABIA, MX","2018-01-07","0.0","20.4",,
"MXM00076843","FRANCISCO SARABIA, MX","2018-01-08","0.0","19.2",,
"MXM00076843","FRANCISCO SARABIA, MX","2018-01-09","0.0","22.0","31.3","12.0"
"MXM00076843","FRANCISCO SARABIA, MX","2018-01-10","0.0","20.9",,
"MXM00076843","FRANCISCO SARABIA, MX","2018-01-11","0.0","21.9",,
"MXM00076843","FRANCISCO SARABIA, MX","2018-01-12","0.0","20.8",,
"MXM00076843","FRANCISCO SARABIA, MX","2018-01-13","0.0","18.6",,
"MXM00076843","FRANCISCO SARABIA, MX","2018-01-14","0.0","18.7",,
"MXM00076843","FRANCISCO SARABIA, MX","2018-01-15","0.0","17.7",,
"MXM00076843","FRANCISCO SARABIA, MX","2018-01-16","0.0","17.3",,
"MXM00076843","FRANCISCO SARABIA, MX","2018-01-17","0.0","20.1",,
"MXM00076843","FRANCISCO SARABIA, MX","2018-01-18","0.0","18.8",,
"MXM00076843","FRANCISCO SARABIA, MX","2018-01-19","0.0","18.7",,
"MXM00076843","FRANCISCO SARABIA, MX","2018-01-20","0.0","20.6",,
"MXM00076843","FRANCISCO SARABIA, MX","2018-01-21","0.0","21.9",,
"MXM00076843","FRANCISCO SARABIA, MX","2018-01-22","0.0","24.1",,
"MXM00076843","FRANCISCO SARABIA, MX","2018-01-23","0.0","26.2","35.0","16.6"
"MXM00076843","FRANCISCO SARABIA, MX","2018-01-24","0.8","23.4","29.5","19.1"
"MXM00076843","FRANCISCO SARABIA, MX","2018-01-25","0.0","21.9",,
"MXM00076843","FRANCISCO SARABIA, MX","2018-01-26","0.0","21.8",,
"MXM00076843","FRANCISCO SARABIA, MX","2018-01-27","0.0","22.7",,
"MXM00076843","FRANCISCO SARABIA, MX","2018-01-28","0.0","23.9","29.5","17.8"
"MXM00076843","FRANCISCO SARABIA, MX","2018-01-29","0.0","22.5","27.2","19.4"
"MXM00076843","FRANCISCO SARABIA, MX","2018-01-30","0.5","19.2","22.2","15.2"
"MXM00076843","FRANCISCO SARABIA, MX","2018-01-31","0.0","19.6",,
"MXM00076843","FRANCISCO SARABIA, MX","2018-02-01","0.0","21.3",,
"MXM00076843","FRANCISCO SARABIA, MX","2018-02-02","0.0","22.6",,
"MXM00076843","FRANCISCO SARABIA, MX","2018-02-03","0.0","24.7",,
"MXM00076843","FRANCISCO SARABIA, MX","2018-02-04","0.0","24.8",,
"MXM00076843","FRANCISCO SARABIA, MX","2018-02-05","0.0","24.4",,
"MXM00076843","FRANCISCO SARABIA, MX","2018-02-06","0.0","24.9",,
"MXM00076843","FRANCISCO SARABIA, MX","2018-02-07","0.0","25.4",,
"MXM00076843","FRANCISCO SARABIA, MX","2018-02-08","0.0","25.3","33.9","18.0"
"MXM00076843","FRANCISCO SARABIA, MX","2018-02-09","0.0","24.8","32.1","18.8"
"MXM00076843","FRANCISCO SARABIA, MX","2018-02-10","0.0","24.4",,
"MXM00076843","FRANCISCO SARABIA, MX","2018-02-11","0.0","27.0",,
"MXM00076843","FRANCISCO SARABIA, MX","2018-02-12","0.0","26.9",,
"MXM00076843","FRANCISCO SARABIA, MX","2018-02-13","0.0","25.7",,
"MXM00076843","FRANCISCO SARABIA, MX","2018-02-14","0.0","26.2",,
"MXM00076843","FRANCISCO SARABIA, MX","2018-02-15","0.0","25.3",,
"MXM00076843","FRANCISCO SARABIA, MX","2018-02-16","0.0","24.8",,
"MXM00076843","FRANCISCO SARABIA, MX","2018-02-17","0.0","24.9",,
"MXM00076843","FRANCISCO SARABIA, MX","2018-02-18","0.0","25.3",,
"MXM00076843","FRANCISCO SARABIA, MX","2018-02-19","0.0","25.8",,
"MXM00076843","FRANCISCO SARABIA, MX","2018-02-20","0.0","26.7",,
"MXM00076843","FRANCISCO SARABIA, MX","2018-02-21","0.0","26.4",,
"MXM00076843","FRANCISCO SARABIA, MX","2018-02-22","0.0","27.1","36.8","17.9"
"MXM00076843","FRANCISCO SARABIA, MX","2018-02-23","0.0","25.6",,
"MXM00076843","FRANCISCO SARABIA, MX","2018-02-24","0.0","26.9",,
